"genesysId","collMissId","collNumb","collDate","collSrc","collSite","version"
"5937",,,,"","Collected where farm road 1050 (A.K.A. Ranch Rd. 1050) crosses Frio River (this appears to be the border of Garner State Park, just east of Hwy. 83 - SBL)","0"
"435747",,,,"","Hokkaido Prefecture; Nakagawa; Nakagawa Experimental Forest, 4 to 8 km NE of Saku, Forest Section 121.","0"
"469609",,,,"","Laojunshan Yaowan canyon on west side of the Jiuchong River, ca 1 km south of Mucheng; northwestern Hubei Province.","1"
"480827",,,,"","Site 36.  University of Furano Forest Arboretum, Yamabe, Furano-shi.","2"
"2935624",,,,"","Weinsberg","0"
"2935625",,,,"","Wieselburg","0"
"2935630",,,,"","Pulkau","0"
"2935640",,,,"","Bad Sauerbrunn","0"
"2935656",,,,"","Sittendorf","0"
"2977489",,,,"","s. Giushevo, Kiustendil","35"
"2977490",,,,"","s. Ranentzi, Kiustendil","35"
"2977491",,,,"","s. Giushevo, Kiustendil","33"
"2977492",,,,"","s. Boeshevo, Kiustenil","33"
"2977493",,,,"","s. Boeshevo, Kiustenil","33"
"2977494",,,,"","s. Giushevo, Kiustendil","33"
"2977495",,,,"","s. Giushevo, Kiustendil","33"
"2977496",,,,"","s. Bolevo, Kiustendil","34"
"2977497",,,,"","s. Giushevo, Kiustendil","35"
"2977498",,,,"","s. Garliano, Kiustendil","35"
"2977499",,,,"","s. Kamenichka, Kiustendil","34"
"2977500",,,,"","s. Giushevo, Kiustendil","34"
"2977501",,,,"","s. Giushevo, Kiustendil","36"
"3022701",,"999-08",,"",,"33"
"3022702",,"999-07",,"",,"31"
"3022703",,"999-06",,"",,"32"
"3022704",,"999-05",,"",,"33"
"3022705",,"999-04",,"",,"32"
"3022706",,"999-02",,"",,"33"
"3022707",,"999-01",,"",,"33"
"3022708",,"973-02",,"61","Salvenach","33"
"3022709",,"896-01",,"22","Porsel","35"
"3022710",,"775-01",,"61","Nuvilly","33"
"3022711",,"624-01",,"21","Brig","35"
"3022712",,"560-01",,"23","La Chaux-de-fonds","35"
"3022713",,"505-01",,"21","Vendlincourt","34"
"3022714",,"480-01",,"22","Meinier","34"
"3022715",,"402-01",,"","Caux","34"
"3022716",,"411-01",,"","Rougemont","32"
"3022717",,"221-02",,"22","Mont-la-Ville","35"
"3022718",,"182-01",,"","Bassins","34"
"3022719",,"159-01",,"22","Gilly","33"
"3022720",,"041-01",,"","St-Légier","34"
"3022721",,"036-01",,"","Jongny","34"
"3022722",,"039-03",,"22","Le Mont-sur-Lausanne","34"
"3022723",,"014-05",,"22","Penthaz","35"
"3022724",,"020-01",,"23","Mont-sur-Rolle","34"
"3416608",,"00056",,"40","Chernivetska obl.","23"
"3416609",,"00050",,"40","Chernivetska obl.","23"
"3416610",,"00051",,"40","Chernivetska obl.","21"
"3416611",,"00046",,"40","Chernivetska obl.","21"
"3416612",,"00047",,"40","Chernivetska obl.","22"
"3416613",,"00045",,"40","Chernivetska obl.","23"
"3416614",,"00044",,"40","Chernivetska obl.","23"
"3416615",,"00042",,"40",,"20"
"3416616",,"00040",,"40","Chernivetska obl.","23"
"3416617",,"00035",,"40","Chernivetska obl.","21"
"3416618",,"00028",,"40","Chernivetska obl.","23"
"3416619",,"00027",,"40","Chernivetska obl.","23"
"3416620",,"00025",,"40","Chernivetska obl.","23"
"3416621",,"09981",,"40",,"21"
"3416622",,"09978",,"40",,"20"
"3416623",,"09979",,"40",,"21"
"3416624",,"09980",,"40",,"20"
"3416625",,"09976",,"40","Republic of Crimea","22"
"3416626",,"09977",,"40","Republic of Crimea","22"
"3416627",,"09974",,"40","Republic of Crimea","20"
"3416628",,"09975",,"40","Republic of Crimea","22"
"3416629",,"09973",,"40","Republic of Crimea","22"
"3416630",,"09971",,"40","Republic of Crimea","22"
"3416631",,"09972",,"40","Republic of Crimea","22"
"3416632",,"09970",,"40","Republic of Crimea","20"
"3416633",,"09967",,"40","Republic of Crimea","22"
"3416634",,"09968",,"40","Republic of Crimea","21"
"3416635",,"09963",,"40","Republic of Crimea","22"
"3416637",,"09965",,"40","Republic of Crimea","22"
"3416638",,"09966",,"40","Republic of Crimea","22"
"3416639",,"09962",,"40","Republic of Crimea","22"
"3416640",,"09961",,"40","Republic of Crimea","20"
"3416641",,"09960",,"40","Republic of Crimea","22"
"3416642",,"02185",,"40","California","20"
"3416643",,"02183",,"40","California","20"
"3416644",,"02184",,"40","California","21"
"3416651",,"02118",,"40","Chernigivska obl.","20"
"3416653",,"02117",,"40","Poltavska obl.","21"
"3416656",,,,"40","Republic of Crimea","21"
"3416657",,"02115",,"40","Kharkivska obl.","21"
"3416658",,,,"40","Republic of Crimea","22"
"3416659",,,,"40","Republic of Crimea","21"
"3416660",,,,"40","Republic of Crimea","22"
"3416661",,,,"40","Republic of Crimea","22"
"3416662",,,,"40","Republic of Crimea","20"
"3416663",,,,"40","Republic of Crimea","22"
"3416664",,,,"40","Republic of Crimea","20"
"3416665",,,,"40","Republic of Crimea","21"
"3416666",,,,"40","Republic of Crimea","21"
"3416667",,,,"40","Republic of Crimea","20"
"3416668",,,,"40","Republic of Crimea","6"
"3416669",,,,"40","Republic of Crimea","20"
"3416670",,,,"40","Republic of Crimea","20"
"3416671",,,,"40","Republic of Crimea","22"
"3416672",,,,"40","Republic of Crimea","6"
"3416673",,,,"40","Republic of Crimea","20"
"3416674",,,,"40","Republic of Crimea","22"
"3416675",,,,"40","Republic of Crimea","21"
"3416676",,,,"40","Republic of Crimea","6"
"3416677",,,,"40","Republic of Crimea","22"
"3416678",,,,"40","Republic of Crimea","20"
"3416679",,,,"40","Republic of Crimea","20"
"3416680",,,,"40","Republic of Crimea","22"
"3416682",,,,"40","Republic of Crimea","20"
"3416683",,,,"40","Republic of Crimea","20"
"3416686",,,,"40","Republic of Crimea","20"
"3416691",,,,"40","Republic of Crimea","22"
"3416692",,,,"40","Republic of Crimea","20"
"3416696",,,,"40","Republic of Crimea","22"
"3416697",,,,"40","Republic of Crimea","22"
"3416698",,,,"40","Republic of Crimea","20"
"3416702",,,,"40","Republic of Crimea","22"
"3416703",,,,"40","Republic of Crimea","22"
"3416704",,,,"40","Republic of Crimea","21"
"3416705",,,,"40","Republic of Crimea","21"
"3416706",,,,"40","Republic of Crimea","22"
"3416708",,,,"40","Republic of Crimea","22"
"3416709",,,,"40","Republic of Crimea","22"
"3416710",,,,"40","Republic of Crimea","22"
"3416711",,,,"40","Republic of Crimea","22"
"3416712",,,,"40","Republic of Crimea","22"
"3416715",,,,"40","Republic of Crimea","21"
"3416717",,,,"40","Republic of Crimea","22"
"3416718",,,,"40","Republic of Crimea","20"
"3416719",,,,"40","Republic of Crimea","21"
"3416720",,,,"40","Republic of Crimea","22"
"3416721",,,,"40","Republic of Crimea","22"
"3416793",,"00020",,"40","Chernivetska obl.","23"
"3416794",,"00015",,"40","Chernivetska obl.","23"
"3416795",,"00012",,"40",,"20"
"3416796",,"00013",,"40","Chernivetska obl.","22"
"3416797",,"00011",,"40","Chernivetska obl.","23"
"3416798",,"00009",,"40",,"22"
"3416799",,"00008",,"40",,"20"
"3416800",,"00006",,"40",,"22"
"3416801",,"00007",,"40",,"20"
"3416802",,"00003",,"40","Chernivetska obl.","21"
"3416803",,"00004",,"40","Chernivetska obl.","23"
"3416804",,"00002",,"40","Chernivetska obl.","23"
"3416805",,,,"40",,"22"
"3416806",,"00001",,"40","Chernivetska obl.","23"
"3416807",,"10068",,"40","Republic of Crimea","21"
"3416808",,"10069",,"40","Republic of Crimea","21"
"3416809",,"10065",,"40","Republic of Crimea","22"
"3416810",,"10066",,"40","Republic of Crimea","22"
"3416811",,"10067",,"40","Republic of Crimea","22"
"3416812",,"09985",,"40","Republic of Crimea","22"
"3416813",,"10063",,"40","Republic of Crimea","22"
"3416814",,"10064",,"40","Republic of Crimea","20"
"3416815",,"09984",,"40","Republic of Crimea","20"
"3416817",,,,"40","Republic of Crimea","22"
"3416818",,,,"40","Republic of Crimea","21"
"3416819",,"09982",,"40",,"22"
"3416820",,"09983",,"40","Republic of Crimea","22"
"3515358",,,,"","Valencia","1"
"3515359",,,,"","Valencia","1"
"3515369",,,,"","Valencia","1"
"3515370",,,,"","Valencia","1"
"3515371",,,,"","Valencia","1"
"3515377",,,,"","Valencia","1"
"3515380",,,,"","Valencia","1"
"3515389",,,,"","Cataluña","1"
"3515390",,,,"","Cataluña","1"
"3515392",,,,"","Cataluña","1"
"3515393",,,,"","Cataluña","1"
"3515394",,,,"","Cataluña","1"
"3515396",,,,"","Cataluña","1"
"3515398",,,,"","Cataluña","1"
"3515401",,,,"","Cataluña","1"
"3515402",,,,"","Cataluña","1"
"3515403",,,,"","Cataluña","1"
"3515404",,,,"","Cataluña","1"
"3515405",,,,"","Cataluña","1"
"3515406",,,,"","Cataluña","1"
"3515407",,,,"","Cataluña","1"
"3515412",,,,"","Extremadura","1"
"3515426",,,,"","Valencia","1"
"3515438",,,,"","Galicia","1"
"3515441",,,,"","Galicia","1"
"3515442",,,,"","Galicia","1"
"3515445",,,,"","Galicia","1"
"3515446",,,,"","Galicia","1"
"3515447",,,,"","Galicia","1"
"3515448",,,,"","Galicia","1"
"3515449",,,,"","Galicia","1"
"3515454",,,,"","Galicia","1"
"3515455",,,,"","Galicia","1"
"3515456",,,,"","Galicia","1"
"3515457",,,,"","Galicia","1"
"3515460",,,,"","Galicia","1"
"3515461",,,,"","Cataluña","1"
"3515462",,,,"","Galicia","1"
"3515463",,,,"","Galicia","1"
"3515464",,,,"","Galicia","1"
"3515465",,,,"","Galicia","1"
"3515466",,,,"","Galicia","1"
"3515467",,,,"","Galicia","1"
"3515468",,,,"","Galicia","1"
"3515470",,,,"","Galicia","1"
"3515471",,,,"","Galicia","1"
"3515472",,,,"","Cataluña","1"
"3515476",,,,"","Cataluña","1"
"3515478",,,,"","Cataluña","1"
"3515479",,,,"","Cataluña","1"
"3515482",,,,"","Valencia","1"
"3515484",,,,"","Valencia","1"
"3515496",,,,"","Cataluña","1"
"3515497",,,,"","Cataluña","1"
"3515499",,,,"","Cataluña","1"
"3515500",,,,"","Cataluña","1"
"3515501",,,,"","Cataluña","1"
"3515503",,,,"","Cataluña","1"
"3515506",,,,"","Cataluña","1"
"3515508",,,,"","Cataluña","1"
"3515509",,,,"","Cataluña","1"
"3515510",,,,"","Cataluña","1"
"3515564",,,,"","Cataluña","1"
"3515565",,,,"","Cataluña","1"
"3515566",,,,"","Cataluña","1"
"3764091",,,,"","Baden","0"
"3822258",,"7439","19880629","10",,"2"
"3905651",,"00063",,"40","Chernivetska obl.","23"
"3910081",,"00062",,"40","Chernivetska obl.","22"
"3910082",,"00061",,"40","Chernivetska obl.","20"
"3910083",,"00060",,"40","Chernivetska obl.","22"
"3910084",,"00059",,"40","Chernivetska obl.","20"
"3910099",,"00109",,"40","Chernivetska obl.","21"
"3910100",,"00108",,"40","Chernivetska obl.","21"
"3910101",,"00107",,"40","Chernivetska obl.","23"
"3910102",,"00106",,"40","Chernivetska obl.","21"
"3910103",,"00105",,"40","Chernivetska obl.","23"
"3910104",,"00104",,"40","Chernivetska obl.","23"
"3910105",,"00103",,"40","Chernivetska obl.","22"
"3910106",,"00102",,"40","Chernivetska obl.","23"
"3910107",,"00101",,"40","Chernivetska obl.","21"
"3910108",,"00100",,"40","Chernivetska obl.","23"
"3910109",,"00099",,"40","Chernivetska obl.","23"
"3910110",,"00097",,"40","Chernivetska obl.","21"
"3910111",,"00098",,"40","Chernivetska obl.","23"
"3910112",,"00096",,"40","Chernivetska obl.","23"
"3910113",,"00094",,"40","Chernivetska obl.","21"
"3910114",,"00095",,"40","Chernivetska obl.","23"
"3910115",,"00092",,"40","Chernivetska obl.","23"
"3910116",,"00093",,"40","Chernivetska obl.","23"
"3910117",,"00091",,"40","Chernivetska obl.","23"
"3910118",,"00090",,"40","Chernivetska obl.","21"
"3910119",,"00088",,"40","Chernivetska obl.","23"
"3910120",,"00089",,"40","Chernivetska obl.","22"
"3910121",,"00087",,"40","Chernivetska obl.","22"
"3910122",,"00085",,"40","Chernivetska obl.","22"
"3910123",,"00086",,"40","Chernivetska obl.","23"
"3910124",,"00084",,"40","Chernivetska obl.","20"
"3910125",,"00083",,"40","Chernivetska obl.","22"
"3910126",,"00081",,"40","Chernivetska obl.","22"
"3910127",,"00082",,"40","Chernivetska obl.","20"
"3910128",,"00080",,"40","Chernivetska obl.","22"
"3910129",,"00079",,"40","Chernivetska obl.","22"
"3910130",,"00078",,"40","Chernivetska obl.","21"
"3910131",,"00077",,"40","Chernivetska obl.","20"
"3910132",,"00076",,"40","Chernivetska obl.","22"
"3910133",,"00075",,"40","Chernivetska obl.","22"
"3910134",,"00072",,"40","Chernivetska obl.","21"
"3910135",,"00074",,"40","Chernivetska obl.","20"
"3910136",,"00071",,"40","Chernivetska obl.","22"
"3910137",,"00070",,"40","Chernivetska obl.","21"
"3910138",,"00068",,"40","Chernivetska obl.","22"
"3910139",,"00069",,"40","Chernivetska obl.","22"
"3910140",,"00067",,"40","Chernivetska obl.","22"
"3910141",,"00066",,"40","Chernivetska obl.","20"
"3910142",,"00065",,"40","Chernivetska obl.","20"
"3910143",,"00064",,"40","Chernivetska obl.","20"
"3914198",,"04495",,"40","Republic of Crimea","22"
"3914199",,"04493",,"40","Republic of Crimea","22"
"3914200",,"04492",,"40","Republic of Crimea","22"
"3914301",,"00174","1958----","",,"22"
"3914302",,"00172","1958----","",,"23"
"3914303",,"00173","1963----","",,"23"
"3914304",,"00171","1958----","",,"20"
"3914306",,"00170","1977----","",,"21"
"3938736",,"999-04",,"",,"32"
"3938737",,"999-05",,"",,"31"
"3938740",,"999-06",,"",,"33"
"3938742",,"999-02",,"",,"33"
"3938744",,"999-01",,"",,"33"
"3938746",,"039-03",,"22","Le Mont-sur-Lausanne","33"
"3938748",,"815",,"",,"24"
"3956696",,"955-03",,"21","Léchelles","35"
"3962954","C480","IDA0100","20071109","","Canarias;Santa Cruz de Tenerife;Santa Ursula","28"
"3962959","C480","IDA0095","20071108","","Canarias;Santa Cruz de Tenerife;El Sauzal","28"
"3963058","C480","IDA0073","20070919","","Canarias;Santa Cruz de Tenerife;Tacoronte","27"
"3963067","C480","IDA0062","20070919","","Canarias;Santa Cruz de Tenerife;Tacoronte","28"
"3963076","C480","IDA0053","20070911","","Canarias;Santa Cruz de Tenerife;La Matanza de Acentejo","28"
"3963078","C480","IDA0051","20070911","","Canarias;Santa Cruz de Tenerife;La Matanza de Acentejo","27"
"3963079","C480","IDA0052","20070911","","Canarias;Santa Cruz de Tenerife;La Matanza de Acentejo","28"
"3963080","C480","IDA0050","20070911","","Canarias;Santa Cruz de Tenerife;La Matanza de Acentejo","28"
"3963119","C480","IDA0031","20070829","23","Canarias;Santa Cruz de Tenerife;La Matanza de Acentejo;La Vica","29"
"3963150","C480","IDA0015","20070808","","Canarias;Santa Cruz de Tenerife;La Matanza de Acentejo;La Morra","28"
"3963315","C482","JHG0070","20060224","10","Canarias;Santa Cruz de Tenerife;Buenavista del Norte;Teno Alto","29"
"3963405","C471","APM0068","20040706","22","Canarias;Santa Cruz de Tenerife;San Cristobal de la Laguna;Camino Mina","28"
"3963558","C472","CEMC0084","20040823","10","Canarias;Santa Cruz de Tenerife;La Orotava;La Florida","28"
"3963562","C472","CEMC0082","20040821","23","Canarias;Santa Cruz de Tenerife;La Orotava;Bebedero Alto","29"
"3963637","C472","CEMC0074","20040821","23","Canarias;Santa Cruz de Tenerife;La Orotava;Pinolere","23"
"3963642","C472","CEMC0069","20040821","23","Canarias;Santa Cruz de Tenerife;La Orotava;Pinolere","23"
"3963653","C472","CEMC0054","20040814","23","Canarias;Santa Cruz de Tenerife;La Orotava;Hoya Duran. Pinolere","23"
"3963666","C472","CEMC0042","20040811","23","Canarias;Santa Cruz de Tenerife;La Orotava;Mamio. Choza Mendoza","23"
"3963672","C472","CEMC0033","20040802","23","Canarias;Santa Cruz de Tenerife;La Orotava;La Florida Alta","23"
"3963676","C472","CEMC0032","20040802","23","Canarias;Santa Cruz de Tenerife;La Orotava;La Florida Alta","23"
"3963699","C472","CEMC0008","20040716","23","Canarias;Santa Cruz de Tenerife;La Orotava;Pinolere","23"
"3963718","C476","DAM0035","20040630","22","Canarias;Santa Cruz de Tenerife;Buenavista del Norte;Las Portelas","22"
"4005734",,,,"",,"27"
"4005740",,,,"",,"33"
"4005744",,,,"",,"25"
"4005812",,,,"",,"26"
"4005855",,,,"",,"27"
"4007195",,,,"",,"26"
"4024723",,"733",,"",,"25"
"4024727",,"34288",,"",,"25"
"4024730",,"45343",,"",,"24"
"4024731",,"171517",,"",,"25"
"4024732",,"731",,"",,"25"
"4024733",,"808",,"",,"25"
"4024734",,"843",,"",,"24"
"4024735",,"53677",,"",,"25"
"4024736",,"807",,"",,"25"
"4024737",,"737",,"",,"25"
"4024738",,"736",,"",,"25"
"4024739",,"878",,"",,"24"
"4024740",,"163699",,"",,"24"
"4024741",,"704",,"",,"25"
"4024742",,"55858",,"",,"25"
"4024745",,"848",,"",,"24"
"4024746",,"707",,"",,"24"
"4024747",,,,"",,"23"
"4024748",,"703",,"",,"24"
"4024749",,"802",,"",,"24"
"4024750",,"935",,"",,"25"
"4024751",,"84022",,"",,"25"
"4024752",,"738",,"",,"24"
"4024753",,"716",,"",,"24"
"4024754",,"38847",,"",,"24"
"4024755",,"868",,"",,"25"
"4024756",,"701",,"",,"25"
"4024757",,"860",,"",,"24"
"4024758",,"723",,"",,"25"
"4024759",,"33962",,"",,"24"
"4024760",,"739",,"",,"25"
"4024761",,"849",,"",,"25"
"4024762",,"734",,"",,"25"
"4024763",,"859",,"",,"25"
"4024764",,"837",,"",,"25"
"4024765",,"857",,"",,"24"
"4024766",,"856",,"",,"25"
"4024767",,,,"",,"23"
"4024768",,"128180",,"",,"25"
"4024769",,"171550",,"",,"25"
"4024770",,"724",,"",,"25"
"4024771",,"115359",,"",,"25"
"4024772",,"830",,"",,"25"
"4024773",,"846",,"",,"25"
"4024774",,"861",,"",,"25"
"4024775",,"780",,"",,"25"
"4024776",,"708",,"",,"25"
"4024777",,"91938",,"",,"24"
"4024778",,"135007",,"",,"25"
"4024779",,,,"",,"32"
"4024780",,"750-01",,"",,"34"
"4024781",,"750-01",,"",,"34"
"4024782",,"121-01",,"",,"33"
"4024783",,"840",,"",,"25"
"4024784",,"999-05",,"",,"34"
"4024785",,"039-01",,"",,"34"
"4024786",,"487-02",,"",,"31"
"4024787",,"150-01",,"",,"32"
"4024788",,"380-01",,"",,"33"
"4024789",,"440-02",,"",,"34"
"4024790",,"209-01",,"",,"34"
"4024791",,"024-01",,"",,"33"
"4024792",,"390-02",,"",,"34"
"4024793",,"216-02",,"",,"33"
"4024794",,"504-01",,"",,"34"
"4024795",,"503-01",,"",,"33"
"4024796",,"043-01",,"",,"31"
"4024797",,"468-01",,"",,"34"
"4024798",,"638-01",,"",,"34"
"4024799",,"012-01",,"",,"33"
"4024800",,"014-03",,"",,"33"
"4024801",,"160-01",,"",,"34"
"4024802",,"286-02",,"",,"34"
"4024803",,"816",,"",,"24"
"4024804",,"291-01",,"",,"33"
"4024805",,"039-02",,"",,"34"
"4024806",,"614-01",,"",,"32"
"4024807",,"858-01",,"",,"34"
"4024808",,"560-02",,"",,"31"
"4024809",,"018-01",,"",,"34"
"4024810",,"973-01",,"",,"34"
"4024811",,"312-01",,"",,"34"
"4024812",,"062-01",,"",,"34"
"4024813",,"506-01",,"",,"34"
"4024814",,,,"",,"22"
"4024815",,,,"",,"22"
"4024816",,"334-01",,"",,"34"
"4024817",,"082-02",,"",,"34"
"4024818",,"904-01",,"",,"32"
"4024819",,"186-01",,"",,"34"
"4024820",,"420-02",,"",,"34"
"4024821",,"999-02",,"",,"34"
"4024822",,"127-01",,"",,"33"
"4024823",,"494-01",,"",,"33"
"4024825",,"799-01",,"",,"33"
"4024826",,"815-01",,"",,"34"
"4024827",,"999-04",,"",,"34"
"4024828",,"219-03",,"",,"34"
"4024829",,"612-01",,"",,"34"
"4024832",,"936",,"",,"34"
"4024833",,"171225",,"",,"24"
"4024834",,"814",,"",,"25"
"4024836",,"823",,"",,"24"
"4024838",,"1109",,"",,"34"
"4024839",,"818",,"",,"25"
"4024840",,"1122",,"",,"32"
"4024845",,"1045",,"",,"32"
"4024851",,"146407",,"",,"24"
"4024853",,"824",,"",,"25"
"4024856",,"1040",,"",,"32"
"4024859",,"815",,"",,"25"
"4024860",,"936",,"",,"25"
"4024862",,"920",,"",,"24"
"4024863",,"1104",,"",,"34"
"4024865",,"796",,"",,"25"
"4024867",,"916",,"",,"25"
"4024869",,"725",,"",,"24"
"4024872",,"817",,"",,"24"
"4024874",,"822",,"",,"25"
"4024877",,"1118",,"",,"32"
"4024880",,"506-01",,"12","Vollèges","33"
"4024881",,"123-04",,"22","Cottens VD","35"
"4024882",,"039-01",,"23","Le Mont-sur-Lausanne","35"
"4024883",,"024-01",,"",,"1"
"4024884",,"082-02",,"23","Oulens-sous-Echallens","33"
"4024885",,"390-02",,"25","Blonay","35"
"4024886",,"638-01",,"61","Ausserberg","35"
"4024888",,"591-02",,"61","Riddes","33"
"4024889",,"150-01",,"61","Allaman","35"
"4024890",,"506-01",,"12","Vollèges","35"
"4024891",,"440-02",,"61","Fenalet","35"
"4024893",,"039-01",,"23","Le Mont-sur-Lausanne","33"
"4024894",,"186-01",,"23","Arzier","33"
"4024895",,"012-01",,"22","Crissier","33"
"4024897",,"815-01",,"21","Sâles (Gruyère)","35"
"4024898",,"614-01",,"22","Nax","35"
"4024901",,"380-01",,"12","Ecoteaux","34"
"4024902",,"380-01",,"12","Ecoteaux","35"
"4024903",,"123-04",,"22","Cottens VD","34"
"4024904",,"494-01",,"22","Aire-la-Ville","34"
"4024905",,"614-01",,"22","Nax","34"
"4024906",,"062-01",,"22","Lonay","35"
"4024907",,"024-01",,"21","Prangins","33"
"4024908",,"497-01",,"61","Bellevue","34"
"4024910",,"612-01",,"22","Ayent","33"
"4024911",,"497-01",,"61","Bellevue","35"
"4024912",,"390-02",,"25","Blonay","35"
"4024913",,"127-01",,"22","Monnaz","33"
"4024914",,"160-01",,"61","Bursins","35"
"4024915",,"062-01",,"22","Lonay","35"
"4024916",,"420-02",,"23","Corbeyrier","33"
"4024917",,"487-02",,"22","Russin","35"
"4024918",,"209-01",,"61","Moiry VD","35"
"4024919",,"012-01",,"22","Crissier","35"
"4024920",,"082-02",,"23","Oulens-sous-Echallens","35"
"4024921",,"629-02",,"61","Ried-Brig","35"
"4024923",,"440-02",,"61","Fenalet","35"
"4024924",,"468-01",,"23","Cartigny","35"
"4024926",,"186-01",,"23","Arzier","33"
"4024927",,"420-02",,"23","Corbeyrier","35"
"4024928",,"487-02",,"22","Russin","35"
"4024929",,"494-01",,"22","Aire-la-Ville","33"
"4024930",,"504-01",,"21","Le Locle","35"
"4024931",,"835-01",,"61","Pont-la-Ville","35"
"4024932",,"312-01",,"23","Yvonand","35"
"4024933",,"999-01",,"",,"34"
"4024934",,"291-01",,"21","Gressy","35"
"4024935",,"018-01",,"22","Essertines-sur-Yverd","34"
"4024936",,"999-05",,"",,"34"
"4024937",,"973-01",,"22","Salvenach","34"
"4024938",,"286-02",,"21","Giez","35"
"4024939",,"039-03",,"22","Le Mont-sur-Lausanne","33"
"4024940",,"216-02",,"21","Romainmôtier","34"
"4024941",,"503-01",,"23","Estavayer-le-lac","33"
"4024942",,"334-01",,"22","Granges-près-Marnand","35"
"4024943",,"291-01",,"21","Gressy","35"
"4024944",,"312-01",,"23","Yvonand","35"
"4024945",,"221-01",,"25","Mont-la-Ville","33"
"4024946",,"683-01",,"22","Les Bois","35"
"4024947",,"291-01",,"21","Gressy","33"
"4024948",,"751-01",,"22",,"35"
"4024949",,"503-01",,"23","Estavayer-le-lac","33"
"4024950",,"560-02",,"23","La Chaux-de-fonds","35"
"4024951",,"750-01",,"22","Coeuve","35"
"4024952",,"560-02",,"23","La Chaux-de-fonds","34"
"4024953",,"219-03",,"22","Juriens","33"
"4024954",,"334-01",,"22","Granges-près-Marnand","35"
"4024955",,"286-02",,"21","Giez","33"
"4024956",,"799-01",,"21","Montbrelloz","35"
"4024957",,"043-01",,"61","Grandson","35"
"4024958",,"018-01",,"22","Essertines-sur-Yverd","35"
"4024959",,"904-01",,"23","Brünisried","35"
"4024960",,"505-02",,"61","Vendlincourt","35"
"4024961",,"014-03",,"61","Penthaz","33"
"4024962",,"904-01",,"23","Brünisried","33"
"4024963",,"221-01",,"25","Mont-la-Ville","35"
"4024964",,"858-01",,"","Montet (Glâne)","32"
"4024965",,"973-01",,"22","Salvenach","33"
"4024966",,"043-01",,"61","Grandson","35"
"4024967",,"750-01",,"22","Coeuve","35"
"4024968",,"999-04",,"",,"34"
"4024969",,"999-02",,"",,"34"
"4024970",,"504-01",,"21","Le Locle","35"
"4024971",,"018-01",,"22","Essertines-sur-Yverd","33"
"4024972",,"312-01",,"23","Yvonand","35"
"4024973",,"835-01",,"61","Pont-la-Ville","33"
"4024974",,"216-02",,"21","Romainmôtier","34"
"4024975",,"799-01",,"21",,"35"
"4024976",,"560-02",,"23","La Chaux-de-fonds","35"
"4024977",,"815",,"",,"25"
"4024978",,"693-01",,"22","Delémont","35"
"4024979",,,,"20",,"35"
"4024980",,"190-01",,"22","Gingins","35"
"4024981",,"390-02",,"25","Blonay","33"
"4024982",,"472-01",,"23","Satigny","35"
"4024983",,"612-01",,"22","Ayent","35"
"4024984",,"024-01",,"21","Prangins","35"
"4024985",,"439-01",,"21","Les Posses-sur-Bex","33"
"4024986",,"488-01",,"12","Dardagny","35"
"4024987",,"494-01",,"22","Aire-la-Ville","33"
"4024988",,"170-01",,"22","Burtigny","33"
"4024989",,"150-02",,"61","Allaman","35"
"4024990",,"591-01",,"23","Riddes","35"
"4024991",,"153-01",,"61","Féchy","35"
"4024992",,"429-01",,"61","Ollon VD","34"
"4024993",,"497-01",,"61","Bellevue","35"
"4024994",,"601-01",,"21","Le Châble VS","35"
"4024995",,"661-01",,"23","Varen","35"
"4024996",,"418-01",,"23","Leysin","35"
"4024997",,"579-01",,"22","Vérossaz","34"
"4024998",,"487-01",,"22","Russin","35"
"4024999",,"591-02",,"61","Riddes","35"
"4025000",,"494-02",,"25","Aire-la-Ville","33"
"4025001",,"179-01",,"22","Duillier","35"
"4025002",,"580-01",,"61","Muraz (Collombey)","35"
"4025003",,"629-01",,"61","Ried-Brig","35"
"4025004",,"614-01",,"22","Nax","35"
"4025005",,"160-01",,"61","Bursins","34"
"4025006",,"414-01",,"61","Noville","35"
"4025007",,"420-02",,"23","Corbeyrier","34"
"4025008",,"487-02",,"22","Russin Mutterbaum","35"
"4025009",,"664-01",,"","Miège","34"
"4025010",,"506-01",,"12","Vollèges","35"
"4025011",,"641-02",,"21","Niedergesteln","35"
"4025012",,"048-01",,"23","Coinsins","34"
"4025013",,"186-01",,"23","Arzier","34"
"4025014",,"440-02",,"61","Fenalet","35"
"4025015",,"468-01",,"23","Cartigny","35"
"4025016",,"420-01",,"61","Corbeyrier","33"
"4025017",,"662-01",,"21","Salgesch","35"
"4025018",,"641-01",,"23","Niedergesteln","35"
"4025019",,"638-01",,"61","Ausserberg","35"
"4025020",,"612-02",,"22","Ayent","35"
"4025021",,"390-01",,"23","Blonay","35"
"4025022",,"506-02",,"12","Vollèges","34"
"4025023",,"601-02",,"21","Le Châble VS","35"
"4025024",,"671-02",,"21","Bitsch","35"
"4025025",,"440-01",,"21","Fenalet","35"
"4025026",,"150-01",,"61","Allaman","33"
"4025027",,"671-01",,"21","Bitsch","35"
"4025028",,"638-02",,"23","Ausserberg","35"
"4025029",,"629-02",,"61","Ried-Brig","35"
"4025030",,"382-01",,"23","Maracon","34"
"4025031",,"172-01",,"25","Le Vaud","34"
"4025032",,"084-01",,"23","Poliez-le-Grand","34"
"4025033",,"127-01",,"22","Monnaz","34"
"4025034",,"221-03",,"22","Mont-la-Ville","35"
"4025035",,"219-04",,"25","Juriens","33"
"4025036",,"209-01",,"61","Moiry VD","35"
"4025037",,"859-01",,"25","Vuarmarens","35"
"4025038",,"014-02",,"61","Penthaz","34"
"4025039",,"014-04",,"21","Penthaz","33"
"4025040",,"015-01",,"21","Corcelles-le-Jorat","35"
"4025041",,"073-01",,"21","Echallens","35"
"4025042",,"140-01",,"23","Pampigny","33"
"4025043",,"027-01",,"61","Vulliens","35"
"4025044",,"039-01",,"23","Le Mont-sur-Lausanne","35"
"4025045",,"002-03",,"61","Lausanne","34"
"4025046",,"123-03",,"22","Cottens VD","34"
"4025047",,"858-01",,"","Montet (Glâne)","34"
"4025048",,"014-06",,"61","Penthaz","32"
"4025049",,"002-01",,"61","Lausanne","35"
"4025050",,"029-01",,"22","Penthalaz","35"
"4025051",,"027-02",,"61","Vulliens","34"
"4025052",,"112-01",,"61","Ropraz","34"
"4025053",,"014-07",,"23","Penthaz","34"
"4025054",,"391-01",,"61","Les Monts-de-Corsier","35"
"4025055",,"145-01",,"23","Montricher","35"
"4025056",,"221-01",,"25","Mont-la-Ville","35"
"4025057",,"123-01",,"22","Cottens VD","33"
"4025058",,"815-01",,"21","Sâles (Gruyère)","34"
"4025059",,"014-03",,"61","Penthaz","32"
"4025060",,"391-02",,"21","Les Monts-de-Corsier","35"
"4025061",,"096-01",,"21","Villars-Tiercelin","33"
"4025062",,"806-01",,"21","Le Crêt-près-Semsales","35"
"4025063",,"123-04",,"22","Cottens VD","35"
"4025064",,"123-02",,"22","Cottens VD","33"
"4025065",,"062-01",,"22","Lonay","35"
"4025066",,"219-03",,"22","Juriens","34"
"4025067",,"219-02",,"22","Juriens","33"
"4025068",,"012-01",,"22","Crissier","32"
"4025069",,"082-02",,"23","Oulens-sous-Echallens","35"
"4025070",,"219-01",,"22","Juriens","35"
"4025071",,"853-01",,"","Ursy","33"
"4025072",,"082-01",,"22","Oulens-sous-Echallens","33"
"4025073",,"875-01",,"25","Vuisternens-devant-Romont","35"
"4025074",,"014-01",,"61","Penthaz","34"
"4025075",,"002-02",,"61","Lausanne","32"
"4025076",,"039-02",,"22","Le Mont-sur-Lausanne","33"
"4025077",,"802-01",,"21","Besencens","34"
"4025078",,"852-01",,"","Esmonts","34"
"4025079",,"380-01",,"12","Ecoteaux","34"
"4025080",,"563-01",,"23","Farvagny-le-Grand","35"
"4025081",,"941-01",,"61","Torny-le-Grand","35"
"4025082",,"764-02",,"22","Lully FR","34"
"4025083",,"043-01",,"61","Grandson","33"
"4025084",,"835-01",,"61","Pont-la-Ville","35"
"4025085",,"763-01",,"12","Cheyres","34"
"4025086",,"216-02",,"21","Romainmôtier","35"
"4025087",,"799-01",,"21","Montbrelloz","35"
"4025088",,"043-02",,"61","Grandson","33"
"4025089",,"286-03",,"61","Giez","35"
"4025090",,"890-02",,"22","Vuisternens-en-Ogoz","35"
"4025091",,"018-01",,"22","Essertines-sur-Yverd","35"
"4025092",,"955-01",,"22","Léchelles","35"
"4025093",,"904-01",,"23","Brünisried","35"
"4025094",,"887-01",,"22","Rueyres-St-Laurent","35"
"4025095",,"503-01",,"23","Estavayer-le-lac","35"
"4025096",,"934-01",,"","Autigny","32"
"4025097",,"520-03",,"22","Fresens","33"
"4025098",,"279-01",,"61","Champagne","33"
"4025099",,"925-01",,"23","Ecuvillens","35"
"4025100",,"291-01",,"21","Gressy","35"
"4025101",,"798-01",,"21","Forel FR","35"
"4025102",,"890-01",,"61","Vuisternens-en-Ogoz","35"
"4025103",,"963-01",,"21","La Corbaz","33"
"4025104",,"283-01",,"61","Bonvillars","33"
"4025105",,"789-01",,"61","Rueyres-les-Prés","35"
"4025106",,"960-01",,"61","Autafond","35"
"4025107",,"216-03",,"61","Romainmôtier","33"
"4025108",,"520-02",,"22","Fresens","35"
"4025109",,"334-02",,"22","Granges-près-Marnand","33"
"4025110",,"925-02",,"21","Ecuvillens","35"
"4025111",,"794-01",,"23","St-Aubin FR","35"
"4025112",,"520-01",,"22","Fresens","35"
"4025113",,"312-01",,"23","Yvonand","33"
"4025114",,"043-03",,"61","Grandson","35"
"4025115",,"775-02",,"25","Nuvilly","34"
"4025116",,"286-01",,"61","Giez","34"
"4025117",,"940-02",,"61","Corserey","35"
"4025118",,"903-01",,"22","Rechthalten","35"
"4025119",,"955-02",,"22","Léchelles","35"
"4025120",,"766-01",,"61","Font","34"
"4025121",,"940-01",,"22","Corserey","35"
"4025122",,"890-03",,"22","Vuisternens-en-Ogoz","34"
"4025123",,"217-01",,"25","Premier","34"
"4025124",,"216-01",,"61","Romainmôtier","33"
"4025125",,"936-01",,"23","Villarsel-le-Gibloux","35"
"4025126",,"334-01",,"22","Granges-près-Marnand","35"
"4025127",,"764-01",,"23","Lully FR","35"
"4025128",,"286-02",,"21","Giez","33"
"4025129",,"216-04",,"21","Romainmôtier","35"
"4025130",,,,"20",,"26"
"4025131",,"735-01",,"21","Bressaucourt","33"
"4025132",,,,"20",,"25"
"4025133",,"973-03",,"22","Salvenach","35"
"4025134",,"973-01",,"22","Salvenach","35"
"4025135",,,,"20",,"25"
"4025136",,"739-01",,"23","Grandfontaine","33"
"4025137",,"536-02",,"22","Savagnier","33"
"4025138",,"795-01",,"61","Delley","34"
"4025139",,"705-01",,"22","Montsevelier","33"
"4025140",,"536-01",,"21","Savagnier","35"
"4025141",,,,"20",,"26"
"4025142",,"716-01",,"61","Glovelier","33"
"4025143",,"751-01",,"22","Damphreux","33"
"4025144",,,,"20",,"26"
"4025145",,"521-01",,"61","Montalchez","34"
"4025146",,,,"20",,"26"
"4025147",,"693-01",,"22","Delémont","35"
"4025148",,"516-02",,"21","Boudry","35"
"4025149",,"359-01",,"22","Guschelmuth","35"
"4025150",,,,"20",,"35"
"4025151",,"750-01",,"22","Coeuve","35"
"4025152",,"696-01",,"61","Soyhières","35"
"4025153",,,,"20",,"26"
"4025154",,,,"20",,"33"
"4025155",,,,"20",,"26"
"4025156",,,,"20",,"35"
"4025157",,,,"20",,"26"
"4025158",,"505-02",,"61","Vendlincourt","34"
"4025159",,"536-03",,"25","Savagnier","35"
"4025160",,"504-01",,"21","Le Locle","35"
"4025161",,"560-02",,"23","La Chaux-de-fonds","35"
"4025162",,"752-01",,"22","Lugnez","35"
"4025163",,,,"20",,"35"
"4025164",,,,"20",,"26"
"4025165",,,,"20",,"25"
"4025166",,,,"20",,"26"
"4025167",,,,"20",,"35"
"4025168",,"704-01",,"23","Mervelier","34"
"4025169",,"516-01",,"23","Boudry","35"
"4025170",,"683-01",,"22","Les Bois","34"
"4025171",,,,"20",,"25"
"4025172",,"703-01",,"21","Corban","33"
"4025173",,,,"20",,"26"
"4025174",,,,"20",,"25"
"4025175",,,,"20",,"25"
"4025176",,,,"20",,"35"
"4025177",,"532-01",,"22","Villiers","35"
"4025178",,,,"20",,"35"
"4025179",,"748-01",,"61","Buix","35"
"4025180",,,,"20",,"26"
"4025181",,,,"20",,"26"
"4025182",,,,"20",,"25"
"4025183",,,,"20",,"26"
"4025184",,,,"20",,"26"
"4025185",,,,"20",,"25"
"4025186",,,,"20",,"26"
"4025187",,,,"20",,"26"
"4025188",,,,"20",,"26"
"4025189",,,,"20",,"26"
"4025190",,,,"20",,"26"
"4025191",,,,"20",,"25"
"4025192",,,,"20",,"26"
"4025193",,,,"20",,"26"
"4025194",,,,"20",,"26"
"4025195",,,,"20",,"25"
"4025196",,,,"20",,"26"
"4025197",,,,"20",,"26"
"4025198",,,,"20",,"26"
"4025199",,,,"20",,"26"
"4025200",,,,"20",,"26"
"4025201",,,,"20",,"26"
"4025202",,,,"20",,"26"
"4025203",,,,"20",,"26"
"4025204",,,,"20",,"26"
"4025205",,,,"20",,"26"
"4025206",,,,"20",,"26"
"4025207",,,,"20",,"26"
"4025208",,,,"20",,"26"
"4025209",,,,"20",,"25"
"4025210",,,,"20",,"26"
"4025211",,,,"20",,"26"
"4025212",,,,"20",,"26"
"4025213",,,,"20",,"25"
"4025214",,,,"20",,"26"
"4025215",,,,"20",,"26"
"4025216",,,,"20",,"26"
"4025217",,,,"20",,"26"
"4025218",,,,"20",,"25"
"4025219",,,,"20",,"26"
"4025220",,,,"20",,"26"
"4025221",,,,"20",,"26"
"4025222",,,,"20",,"25"
"4025223",,,,"20",,"26"
"4025224",,,,"20",,"25"
"4025225",,,,"20",,"25"
"4025226",,,,"20",,"26"
"4025227",,,,"20",,"26"
"4025228",,,,"20",,"25"
"4025229",,,,"20",,"26"
"4025230",,,,"20",,"26"
"4025231",,,,"20",,"26"
"4025232",,,,"20",,"26"
"4025237",,"95373",,"",,"25"
"4025239",,"497-01",,"",,"32"
"4025241",,,,"20",,"34"
"4025242",,"039-02",,"",,"1"
"4025244",,"039-03",,"",,"34"
"4025245",,"866",,"",,"25"
"4025246",,"877",,"",,"25"
"4025249",,"934",,"",,"25"
"4025254",,,,"",,"23"
"4025257",,"921",,"",,"25"
"4025262",,"81952",,"",,"25"
"4025265",,"591-02",,"",,"34"
"4025267",,,,"20",,"35"
"4025270",,"123-04",,"",,"34"
"4025273",,"835-01",,"",,"34"
"4025275",,"744",,"",,"25"
"4025290",,,,"20",,"33"
"4025302",,,,"20",,"35"
"4025308",,,,"20",,"33"
"4025313",,,,"20",,"34"
"4026800",,"2",,"","Fruemsen, Gmd. Sennwald SG","1"
"4026801",,"704",,"","Fruemsen, Gmd. Sennwald SG","25"
"4026802",,"857",,"","Fruemsen, Gmd. Sennwald SG","24"
"4026803",,"701",,"","Fruemsen, Gmd. Sennwald SG","32"
"4026804",,"135007",,"","Fruemsen, Gmd. Sennwald SG","32"
"4026805",,"878",,"","Fruemsen, Gmd. Sennwald SG","32"
"4026806",,"33962",,"","Fruemsen, Gmd. Sennwald SG","25"
"4026807",,"53677",,"","Fruemsen, Gmd. Sennwald SG","25"
"4026808",,"716",,"","Fruemsen, Gmd. Sennwald SG","32"
"4026809",,"34287",,"","Fruemsen, Gmd. Sennwald SG","25"
"4026810",,"739",,"","Fruemsen, Gmd. Sennwald SG","32"
"4026811",,"1",,"","Fruemsen, Gmd. Sennwald SG","1"
"4026812",,"95373",,"","Fruemsen, Gmd. Sennwald SG","24"
"4026813",,"171225",,"","Fruemsen, Gmd. Sennwald SG","32"
"4026814",,"734",,"","Fruemsen, Gmd. Sennwald SG","25"
"4026815",,"818",,"","Fruemsen, Gmd. Sennwald SG","31"
"4026816",,"171517",,"","Fruemsen, Gmd. Sennwald SG","25"
"4026817",,"45343",,"","Fruemsen, Gmd. Sennwald SG","25"
"4026818",,"835",,"","Fruemsen, Gmd. Sennwald SG","24"
"4026819",,"744",,"","Fruemsen, Gmd. Sennwald SG","32"
"4026820",,"732",,"","Fruemsen, Gmd. Sennwald SG","25"
"4026821",,"920",,"","Fruemsen, Gmd. Sennwald SG","31"
"4026822",,"936",,"","Fruemsen, Gmd. Sennwald SG","25"
"4026823",,"808",,"","Fruemsen, Gmd. Sennwald SG","32"
"4026824",,"861",,"","Fruemsen, Gmd. Sennwald SG","25"
"4026825",,"128180",,"","Fruemsen, Gmd. Sennwald SG","24"
"4026826",,"866",,"","Fruemsen, Gmd. Sennwald SG","25"
"4026827",,"708",,"","Fruemsen, Gmd. Sennwald SG","25"
"4026828",,"921",,"","Fruemsen, Gmd. Sennwald SG","25"
"4026829",,"856",,"","Fruemsen, Gmd. Sennwald SG","32"
"4026830",,"814",,"","Fruemsen, Gmd. Sennwald SG","25"
"4026831",,"738",,"","Fruemsen, Gmd. Sennwald SG","32"
"4026832",,"171550",,"","Fruemsen, Gmd. Sennwald SG","25"
"4026833",,"830",,"","Fruemsen, Gmd. Sennwald SG","31"
"4026834",,"707",,"","Fruemsen, Gmd. Sennwald SG","32"
"4026835",,"171517",,"","Fruemsen, Gmd. Sennwald SG","25"
"4026836",,"837",,"","Fruemsen, Gmd. Sennwald SG","25"
"4026837",,"859",,"","Fruemsen, Gmd. Sennwald SG","25"
"4026838",,"55858",,"","Fruemsen, Gmd. Sennwald SG","31"
"4026839",,"845",,"","Fruemsen, Gmd. Sennwald SG","25"
"4026840",,"780",,"","Fruemsen, Gmd. Sennwald SG","25"
"4026841",,"91938",,"","Fruemsen, Gmd. Sennwald SG","32"
"4026842",,"737",,"","Fruemsen, Gmd. Sennwald SG","32"
"4026843",,"735",,"","Fruemsen, Gmd. Sennwald SG","25"
"4026844",,"731",,"","Fruemsen, Gmd. Sennwald SG","31"
"4026845",,"115359",,"","Fruemsen, Gmd. Sennwald SG","24"
"4026846",,"84022",,"","Fruemsen, Gmd. Sennwald SG","24"
"4026847",,"807",,"","Fruemsen, Gmd. Sennwald SG","25"
"4026848",,"868",,"","Fruemsen, Gmd. Sennwald SG","31"
"4026849",,"842",,"","Fruemsen, Gmd. Sennwald SG","24"
"4026850",,"816",,"","Fruemsen, Gmd. Sennwald SG","24"
"4026851",,"738",,"","Fruemsen, Gmd. Sennwald SG","24"
"4026852",,"53677",,"","Fruemsen, Gmd. Sennwald SG","25"
"4026853",,"835",,"","Fruemsen, Gmd. Sennwald SG","32"
"4026854",,"716",,"","Fruemsen, Gmd. Sennwald SG","25"
"4026855",,"934",,"","Fruemsen, Gmd. Sennwald SG","32"
"4026856",,"814",,"","Fruemsen, Gmd. Sennwald SG","24"
"4026857",,"45343",,"","Fruemsen, Gmd. Sennwald SG","32"
"4026858",,"936",,"","Fruemsen, Gmd. Sennwald SG","25"
"4026859",,"849",,"","Fruemsen, Gmd. Sennwald SG","32"
"4026860",,"916",,"","Fruemsen, Gmd. Sennwald SG","32"
"4026861",,"816",,"","Fruemsen, Gmd. Sennwald SG","25"
"4026862",,"81952",,"","Fruemsen, Gmd. Sennwald SG","31"
"4026863",,"703",,"","Fruemsen, Gmd. Sennwald SG","32"
"4026864",,"171550",,"","Fruemsen, Gmd. Sennwald SG","31"
"4026865",,"796",,"","Fruemsen, Gmd. Sennwald SG","31"
"4026866",,"146407",,"","Fruemsen, Gmd. Sennwald SG","32"
"4026867",,"780",,"","Fruemsen, Gmd. Sennwald SG","25"
"4026868",,"704",,"","Fruemsen, Gmd. Sennwald SG","25"
"4026869",,"38847",,"","Fruemsen, Gmd. Sennwald SG","32"
"4026870",,"861",,"","Fruemsen, Gmd. Sennwald SG","32"
"4026871",,"1",,"","Fruemsen, Gmd. Sennwald SG","1"
"4026872",,"1",,"","Fruemsen, Gmd. Sennwald SG","1"
"4026873",,"734",,"","Fruemsen, Gmd. Sennwald SG","32"
"4026874",,"724",,"","Fruemsen, Gmd. Sennwald SG","31"
"4026875",,"128179",,"","Fruemsen, Gmd. Sennwald SG","31"
"4026876",,"708",,"","Fruemsen, Gmd. Sennwald SG","25"
"4026877",,"859",,"","Fruemsen, Gmd. Sennwald SG","32"
"4026878",,"808",,"","Fruemsen, Gmd. Sennwald SG","24"
"4026879",,"723",,"","Fruemsen, Gmd. Sennwald SG","32"
"4026880",,"868",,"","Fruemsen, Gmd. Sennwald SG","25"
"4026881",,"701",,"","Fruemsen, Gmd. Sennwald SG","24"
"4026882",,"33962",,"","Fruemsen, Gmd. Sennwald SG","24"
"4026883",,"866",,"","Fruemsen, Gmd. Sennwald SG","25"
"4026884",,"840",,"","Fruemsen, Gmd. Sennwald SG","32"
"4026885",,"34288",,"","Fruemsen, Gmd. Sennwald SG","32"
"4026886",,"733",,"","Fruemsen, Gmd. Sennwald SG","32"
"4026887",,"848",,"","Fruemsen, Gmd. Sennwald SG","32"
"4026888",,"877",,"","Fruemsen, Gmd. Sennwald SG","32"
"4026889",,"737",,"","Fruemsen, Gmd. Sennwald SG","24"
"4026890",,"807",,"","Fruemsen, Gmd. Sennwald SG","25"
"4026891",,"860",,"","Fruemsen, Gmd. Sennwald SG","32"
"4026892",,"725",,"","Fruemsen, Gmd. Sennwald SG","32"
"4026893",,"736",,"","Fruemsen, Gmd. Sennwald SG","25"
"4026894",,"837",,"","Fruemsen, Gmd. Sennwald SG","25"
"4026895",,"846",,"","Fruemsen, Gmd. Sennwald SG","32"
"4026896",,"857",,"","Fruemsen, Gmd. Sennwald SG","25"
"4026897",,"163699",,"","Fruemsen, Gmd. Sennwald SG","32"
"4026898",,"815",,"","Fruemsen, Gmd. Sennwald SG","25"
"4026899",,"843",,"","Fruemsen, Gmd. Sennwald SG","31"
"4026900",,"840",,"","Fruemsen, Gmd. Sennwald SG","25"
"4026901",,"744",,"","Fruemsen, Gmd. Sennwald SG","25"
"4026902",,"822",,"","Fruemsen, Gmd. Sennwald SG","24"
"4026903",,"823",,"","Fruemsen, Gmd. Sennwald SG","25"
"4026904",,"878",,"","Fruemsen, Gmd. Sennwald SG","25"
"4026905",,"849",,"","Fruemsen, Gmd. Sennwald SG","25"
"4026906",,"856",,"","Fruemsen, Gmd. Sennwald SG","25"
"4026907",,"724",,"","Fruemsen, Gmd. Sennwald SG","24"
"4026908",,"916",,"","Fruemsen, Gmd. Sennwald SG","25"
"4026909",,"739",,"","Fruemsen, Gmd. Sennwald SG","25"
"4026910",,"135007",,"","Fruemsen, Gmd. Sennwald SG","25"
"4026911",,"824",,"","Fruemsen, Gmd. Sennwald SG","25"
"4026912",,"818",,"","Fruemsen, Gmd. Sennwald SG","24"
"4026913",,"163699",,"","Fruemsen, Gmd. Sennwald SG","25"
"4026914",,"115359",,"","Fruemsen, Gmd. Sennwald SG","25"
"4026915",,"723",,"","Fruemsen, Gmd. Sennwald SG","24"
"4026916",,"877",,"","Fruemsen, Gmd. Sennwald SG","25"
"4026917",,"796",,"","Fruemsen, Gmd. Sennwald SG","25"
"4026918",,"95373",,"","Fruemsen, Gmd. Sennwald SG","24"
"4026919",,"860",,"","Fruemsen, Gmd. Sennwald SG","25"
"4026920",,"55858",,"","Fruemsen, Gmd. Sennwald SG","25"
"4026921",,"725",,"","Fruemsen, Gmd. Sennwald SG","25"
"4026922",,"823",,"","Fruemsen, Gmd. Sennwald SG","25"
"4026923",,"934",,"","Fruemsen, Gmd. Sennwald SG","24"
"4026924",,"171225",,"","Fruemsen, Gmd. Sennwald SG","25"
"4026925",,"84022",,"","Fruemsen, Gmd. Sennwald SG","25"
"4026926",,"822",,"","Fruemsen, Gmd. Sennwald SG","25"
"4026927",,"824",,"","Fruemsen, Gmd. Sennwald SG","25"
"4026928",,"817",,"","Fruemsen, Gmd. Sennwald SG","25"
"4026929",,"707",,"","Fruemsen, Gmd. Sennwald SG","25"
"4026930",,"830",,"","Fruemsen, Gmd. Sennwald SG","25"
"4026931",,"38847",,"","Fruemsen, Gmd. Sennwald SG","24"
"4026932",,"921",,"","Fruemsen, Gmd. Sennwald SG","25"
"4026933",,"703",,"","Fruemsen, Gmd. Sennwald SG","25"
"4026934",,"817",,"","Fruemsen, Gmd. Sennwald SG","25"
"4026935",,"731",,"","Fruemsen, Gmd. Sennwald SG","25"
"4026936",,"920",,"","Fruemsen, Gmd. Sennwald SG","25"
"4026937",,"848",,"","Fruemsen, Gmd. Sennwald SG","25"
"4026938",,"802",,"","Fruemsen, Gmd. Sennwald SG","25"
"4026939",,"146407",,"","Fruemsen, Gmd. Sennwald SG","25"
"4092420",,,,"50",,"1"
"4092429",,,,"50",,"1"
"4092441",,,,"50",,"1"
"4092450",,,,"50",,"1"
"4092462",,,,"50",,"1"
"4301247",,"00315",,"","Zakarpatska obl.","20"
"4301268",,"00301",,"",,"22"
"4301643",,"00073",,"40","Chernivetska obl.","22"
"4303734",,"04494",,"40","Republic of Crimea","21"
"4334059",,,,"","Collected in Ganoor, Hazara, about 3km southwest of Kwai.  Bought from a farmer's shop beside road.","1"
"4334060",,,,"","Collected at an orchard 5-10 km from Turfan.","1"
"4334061",,,,"","Collected at an orchard 5-10 km from Turfan.","1"
"4334062",,,,"","Central Poland, near Warsaw, in the Radzikow State Forest.","1"
"4335613",,,,"","village of Berezotocha, near Lubny","1"
"4335614",,,,"","village of Litvynivka, Valky District","1"
"4335756",,,,"","Collected along Hwy 89A east of Prescott Valley to pass.  Many trees along creek.","1"
"4337964",,,,"","Collected at walnut variety collection growing on reclaimed desert in Wensu Collective.","1"
"4337981",,,,"","San Joaquin County.  Just outside entrance to Coswell State Park, on east side of the road, next to an almond orchard.","1"
"4337990",,,,"","Collected at walnut variety collection growing on reclaimed desert in Wensu Collective.","1"
"4338826",,,,"","Collected at nursery in Qiong Long Shan Experiment Station in Men Tou Gou District.","1"
"4338829",,,,"","Collected in Patzcuaro in the southern part of the city from the garden of Senor Salvador Ponce.  Nuts were collected from tree #1.  Trees were near Calle Pedro Antone O'Diberra.  These trees were seedlings.","1"
"4338856",,,,"","Collected in Ganoor, Hazara, about 3km southwest of Kwai.  Bought from a farmer's shop beside road.","1"
"4338869",,,,"","Collected in Chikar, Muzaffarabad.  Bought in ship of Khawaja Jauid.","1"
"4338873",,,,"","Collected in Kalas, Chitral, about 25km northeast of Drosh, grown on a small farm in Kalas - nuts brought to collectors by local box.","1"
"4341050",,,,"","town of Lubny","1"
"4341070",,,,"","Along road at top of pass, one mile east of Iron Springs.  6000 ft. elevation, scattered pines.  Accessible location.","1"
"4341072",,,,"","Collected on Hwy 89 leaving Prescot to the east.","1"
"4342252",,,,"","Collected at Qiong Long Shan Experiment Station in Men Tou Gou district.","1"
"4342312",,,,"","from village near Romny","1"
"4344562",,,,"","Collected at walnut variety collection growing on reclaimed desert in Wensu Collective.","1"
"4344572",,,,"","village of Verkhnya Syrovatka","1"
"4344584",,,,"","Collected in Shaien Utrot, Swat, 16km southwest of Kalam.  Bought from local farmer, Bakht Anwar Khan.","1"
"4344593",,,,"","village of Krasnokuts'k","1"
"4344605",,,,"","Many scattered trees along river bottom, Fonto Creek near Roosevelt Lake.  Access off of Arizona 188, use cross roads to reach river bottom.","1"
"4345543",,,,"","Nuts from about 9 trees in river bottom.  Hwy 23 about 2 miles S. of Bardsdale.  Grimes Canyon.","1"
"4345559",,,,"","Bilasar, Talish, Lankaran","1"
"4346314",,,,"","Collected from Wu Leng Farm (Taichung) near river.","1"
"4346322",,,,"","Collected in Rendleman, 0.5 mile north of Union County.  Nursery road, on east side of road.","1"
"4346329",,,,"","village of Litvynivka, Valky District","1"
"4348062",,,,"","Nuts from a number of roadside trees on north fork Matalija Creek on Hwy. 33, 7 miles north of Ojai.  Some orchards, mostly avocado and citrus.  Some walnut in Ojai Valley.","1"
"4348163",,,,"","Collected from the trees of Dr. H. Makita's farm.  Kitsunejima, Ina City, Nagano Prefecture.","1"
"4348177",,,,"","Collected from the tree of Mr. Tadao Shimojima.  Ina City, Nagano Prefecture.","1"
"4349144",,,,"","Collected at Qiong Long Shan Experiment Station in Men Tou Gou District.","1"
"4349149",,,,"","Collected along road at top of pass, one mile east of Iron Springs.  Scattered pines.  6000 ft. elevation.","1"
"4349161",,,,"","Collected at a 100-year-old orchard in Mei Yao Go Valley, 25 km from Turfan.","1"
"4349165",,,,"","Nuts from small tree (bush) about 3300 feet on mountain hillside above headwaters of Matilija Creek on Hwy. 33.","1"
"4349168",,,,"","village of Novolozovka","1"
"4349173",,,,"","Collected in Seri, Kullu Valley, Himachal Pradesh.","1"
"4349183",,,,"","Collected at walnut variety collection growing on reclaimed desert in Wensu Collective.","1"
"4349187",,,,"","Collected in Matiltan, Swat, 10km northeast of Kalam.  Bought in shop - said to have been collected in the region.","1"
"4349914",,,,"","Yangbi Walnut Festival","1"
"4350928",,,,"","About 2 miles from Location 2 (Hillside and stream bank, Hwy. 150 near Carpenteria).  A.J. regia orchard was seen about 2-3 miles upstream.","1"
"4350930",,,,"","Collected in Batrik, Chitral, 1km northwest of Brumboret, on the edge of a farm, near an irrigation ditch, up a small side gully on south-facing slope - Noormian's Farm.","1"
"4350941",,,,"","Collected on Marsh Creek Road, Contra Costa County, south of Clayton.  Marsh Creek Springs county park; second entrance to the park.  12550 Marsh Creek Road.","1"
"4350962",,,,"","Collected at walnut variety collection growing on reclaimed desert in Wensu.","1"
"4350964",,,,"","Collected in Kalam, Swat, on the farm of Jandul and Kabul Khan.","1"
"4352709",,,,"","Collected in Kagan, Hazara.  Bought from boys who collected nuts nearby - from wild trees.","1"
"4353141",,,,"","Nuts from 4 trees along stream, Decker Canyon.  Santa Monica Mountains, on Hwy 23, three miles from ocean.  Some houses and picnic grounds in area.","1"
"4354618",,,,"","village of Manchenky, Valky District","1"
"4354619",,,,"","Collected at Nursery in Qiong Long Shan Experiment Station in Men Tou Gou District.","1"
"4354634",,,,"","city of Kharkiv","1"
"4354651",,,,"","town of Lubny","1"
"4355209",,,,"","Collected about 15 miles northeast of site of DJUG 217, 75km north of Zinaxpan.","1"
"4355219",,,,"","City of Los Angeles","1"
"4355665",,,,"","Collected in Keris, Baltistan, approximately 50km east of Skardu.  From farm of Abdul Rahman, son of Abdullah, a budder at the Department of Agriculture Nursery in Keris.","1"
"4355682",,,,"","Collected in Matiltan, Swat, 10km northeast of Kalam.  Bought from shop - grown nearby.","1"
"4355690",,,,"","Collected at an orchard 5-10 km from Turfan.","1"
"4356379",,,,"","Nuts from 5 trees were collected at top of the pass between Fillmore and Moorpark on Hwy 23.","1"
"4357245",,,,"","Collected in Kalam, Swat, at farm of Jandul Khan.","1"
"4358045",,,,"","Near Myoga-bashi, Yatsuo-machi, Nei-gun, Toyama-ken on slope along valley.","1"
"4358049",,,,"","Topicu, Ismayilli","1"
"4358088",,,,"","Collected at walnut variety collection growing on reclaimed desert in Wensu Collective.","1"
"4358930",,,,"","Collected in Ushu, Swat.  Bought in shop in Ushu - grown near Ushu.","1"
"4358947",,,,"","Collected at walnut variety collection growing on reclaimed desert in Wensu.","1"
"4361398",,,,"","Collected along Cache Creek in Yolo County.  Turn off Hwy 16 at Guinda towards the picnic area at the river.","1"
"4361413",,,,"","Central Poland, near Warsaw, in the Radzikow State Forest.","1"
"4361437",,,,"","Sacramento County along lower Sacramento River, on Grand Island, 1/2 mile south of intersection of Grand Island Road and Hwy 160, on Hwy 160.","1"
"4362090",,,,"","Collected in Hardin County.  Shiloh National Park; behind restrooms near Visitor Center.","1"
"4362628",,,,"","Ichnya District","1"
"4363166",,,,"","Collected at Kwangyang, Johhani.","1"
"4364441",,,,"","Collected at Nursery in Qiong Long Shan Experiment Station in Men Tou Gou District.","1"
"4364458",,,,"","village of Novolozovka","1"
"4365280",,,,"","Collected from Ft.Stocklan, Sanderson.","1"
"4365648",,,,"","Collected at Qiong Long Shan Experiment Station in Men Tou Gou District.","1"
"4366959",,,,"","Collected in Edwards County.","1"
"4367585",,,,"","Collected at Nursery in Qiong Long Shan Experiment Station in Men Tou Gen District.","1"
"4367615",,,,"","village of Petrivka","1"
"4367618",,,,"","Collected on both sides of pass west of Jerome on Hwy 89A in creek bottom on north slopes.  Walnut trees not observed above 6800 ft. elevation or below 5000 ft. elevation.","1"
"4368069",,,,"","town of Lubny","1"
"4370263",,,,"","city of Kharkiv","1"
"4370672",,,,"","Collected in Chenari, Muzaffarabad, 45km southeast of Muzaffarabad.  Bought in shop of Habibullah, but nuts said to come from 2km west of Chenari.","1"
"4371416",,,,"","Collected from Chollipa Arboretum.","1"
"4372614",,,,"","Collected at a teaching orchard of Hebei Agriculture University in Baoding.","1"
"4372631",,,,"","Collected in Naga Bagh, Kullu Valley, Himachal Pradesh.","1"
"4372649",,,,"","Collected at Qiong Long Shan Experiment Station in Men Tou Gou District.","1"
"4374946",,,,"","Numerous trees along Hwy 89 south from Prescot to top of pass, Indian creek trees (about 4 miles) in 5400 to 6100 ft. elevation.","1"
"4374948",,,,"","Collected at walnut variety collection growing on reclaimed desert in Wensu.","1"
"4374954",,,,"","Collected in Aliabad (Hunza), Gilgit.  Bought from shop - said to have been grown in Aliabad.","1"
"4374957",,,,"","Collected at walnut variety collection growing on reclaimed desert in Wensu Collective.","1"
"4376659",,,,"","On A-9 at Woodson bridge, Tehama County.  A9 runs between and intersects Hwy 99 & I5 at Corning.  Park at the county park on the south side of the highway, on the east side of the bridge.","1"
"4376694",,,,"","Nuts from one hillside tree high above Decker Canyon on Hwy 23.  Other hillside trees did not have nuts.  No houses nearby.","1"
"4377787",,,,"","Vandom, Qabala","1"
"4377811",,,,"","town of Lubny","1"
"4378679",,,,"","Naganuma, Nagano City, Nagano Prefecture.","1"
"4379254",,,,"","Collected from the UCR Botanical Gardens, within the city of Riverside.","1"
"4379257",,,,"","Collected at walnut variety collection growing on reclaimed desert in Wensu Collective.","1"
"4380810",,,,"","tree in Pischane","1"
"4381451",,,,"","Collected from tree of Mr. T. Takijawa's farm (not nut orchard).  Shimohisakata, Ieda City, Nagano Prefecture.","1"
"4382062",,,,"","Kitsunejima, Ina City, Nagano Prefecture.  Collected from the trees of Dr. H. Makita's farm.","1"
"4383059",,,,"","Collected in Gilgit; bought at the Gilgit Market; said to have come from Punial Valley (west of Gilgit).","1"
"4384122",,,,"","Collected in Idjgal, Swat, about 27km northeast of Kalam.  Bought from farmer who said they were collected in Shandur area, a few km north of Idjgal.","1"
"4384651",,,,"","Trostyanets Dendropark, Ichnya District","1"
"4385956",,,,"","Collected in woods at intersection of Hwy 121 and Oak Circle in Napa County.","1"
"4385963",,,,"","Collected in Badajoz.","1"
"4387249",,,,"","town of Ichnya","1"
"4387270",,,,"","Gurbanfendi, Ismayilli","1"
"4387294",,,,"","village of Zasullya","1"
"4388508",,,,"","Collected in Carlsbad, NM.","1"
"4389187",,,,"","Collected in Tadishikistanice","1"
"4389210",,,,"","Collected in Tandari, Kullu Valley, Himachal Pradesh.","1"
"4389216",,,,"","Collected at walnut variety collection growing on reclaimed desert in Wensu.","1"
"4390782",,,,"","tree in Kamenopotoky","1"
"4390976",,,,"","North Carolina, Yancey County, Burnsville, Bank of Price's Creek, at property of Carolina Natives Nursery","1"
"4390983",,,,"","Kakheti, Kvareli district, village Shilda, Chelti River Valley","1"
"4392850",,,,"","village of Krasnokuts'k","1"
"4392860",,,,"","Hwy. 150, near Carpenteria.","1"
"4393998",,,,"","town of Lubny","1"
"4394001",,,,"","Collected in Lake County on Hwy 20, directly across highway from the lake at marker LAK 22.39.","1"
"4394011",,,,"","tree in Kryukov","1"
"4394012",,,,"","Collected in Yongdong, Chungbuk.","1"
"4394036",,,,"","Butte County.  Collected between River road and Pine Creek near Hwy 32 between Hamilton City and Chico.","1"
"4394579",,,,"","From Otavalo Market.","1"
"4395360",,,,"","Collected in Yongdong, Chungbuk.","1"
"4395386",,,,"","Collected in Rawalpindi.  Nuts bought at Gungamundi wholesale nut market - from Choudry, Asif.  Not sure of origin.","1"
"4396228",,,,"","town of Trostyanets","1"
"4396254",,,,"","Yolo County along Sacramento River on the River Road, on the west side of the river (across the river from Hwy 160). just south of intersection of Babel Slough Rd, on river side of the road.","1"
"4396263",,,,"","Yolo County.  Collected along Cache Creek, alongside Hwy 16 at marker Yolo 00.91.","1"
"4396853",,,,"","On Hwy 7E, east of Tactic on road to Tamahu.","1"
"4397183",,,,"","Collected in Tandari, Kullu Valley, Himachal Pradesh.","1"
"4397203",,,,"","town of Ichnya","1"
"4399535",,,,"","town of Trostyanets","1"
"4400729",,,,"","Collected at nursery in Qiong Long Shan Experiment Station in Men Tou Gou District.","1"
"4400735",,,,"","Collected at walnut variety collection growing on reclaimed desert in Wensu Collective.","1"
"4401265",,,,"","Chillicothe, Ross county.","1"
"4401923",,,,"","Collected in Marghazar, Swat, 13km south of Saidu Sharif, east of the road, 150m north of hotel parking lot (i.e. the former Summer Palace).","1"
"4402799",,,,"","near village of Chutove","1"
"4402818",,,,"","Collected in Chenari, Muzaffarabad, 45km southeast of Muzaffarabad.  Bought in shop, but said to come from village 3km southeast of Chenari.  Shopkeeper's name - Mamood Shah.","1"
"4402827",,,,"","Collected in Ushu, Swat, 8km northeast of Kalam.  Bought in shop in Ushu - grown near Ushu.","1"
"4403438",,,,"","Collected in Carlsbad, NM.","1"
"4403951",,,,"","About 2 miles south of Lake Piriu and 3 miles north of Piriu near Piriu Creek, but above the creek.","1"
"4403953",,,,"","Yangbi Walnut Festival","1"
"4405277",,,,"","Collected at a 100-year-old orchard in Mei Yao Go Valley, 25 km from Turfan.","1"
"4405289",,,,"","From Hortus Botanicus duschanbeensis Instituti Botanici Akademiae Scientiarum Tadshikistanice Duschanbe, 17 Kasamova 27 USSR","1"
"4406113",,,,"","4100 ft. elevation.  Collected one mile north of Kirkland on Skull Valley Road.  Along river.  Four trees.  Also several trees in yards in Kirkland.","1"
"4406128",,,,"","A very interesting find at head of Santa Paula Creek on Hwy 150 near Sulpher Springs.  Large forest of large and smaller trees on N. hillsides.","1"
"4406149",,,,"","Sacramento County along Sacramento River at SW intersection of Hwy 160 and Grand Island Road (at bridge)","1"
"4407325",,,,"","town of Ichnya","1"
"4409373",,,,"","Collected at an orchard 5-10 km from Turfan.","1"
"4410475",,,,"","village of Berezotocha, near Lubny","1"
"4410504",,,,"","Yongdong, Chungbuk.","1"
"4412654",,,,"","San Joaquin County, Coswell State Park","1"
"4412656",,,,"","Collected in Islamabad, Rawalpindi.  Bought from market in Islamabad.  Origin unknown, but most likely in Pakistan.","1"
"4412659",,,,"","Collected at walnut variety collection growing on reclaimed desert in Wensu Collective.","1"
"4412661",,,,"","tree in Beletskivka","1"
"4412667",,,,"","Collected in Shirot, Gilgit, 36km northwest of Gilgit, bought from Abdul Mateen at his fabric shop.","1"
"4412673",,,,"","South-central Poland, in Albigowa.","1"
"4412686",,,,"","Sacramento County, across road and slightly south of 83-100 (on east side of Hwy 160).","1"
"4412699",,,,"","Along riverside of Tanashi River in Minowa-Tawn, Kamiina-gun Nagano Prefecture.  Collected from Mr. K. Kaneke's land.","1"
"4413871",,,,"","Collected on upper part of Oak Creek Canyon near head of canyon on Hwy 89A.  Also downstream along creek.  6300 to 6500 ft. elevation.","1"
"4413892",,,,"","Collected in Paloga, Swat, about 25km northeast of Kalam.  Bought from local man - harvested from the wild trees scattered along the valley.","1"
"4413899",,,,"","Yolo County.  Collected along Cache Creek alongside Hwy 16 at marker Yolo 00.91.","1"
"4414287",,,,"","Collected at Hongchon, Kangwondo.","1"
"4414291",,,,"","City of El Rodeo","1"
"4414327",,,,"","Collected in Beijing.","1"
"4415027",,,,"","Collected from Nepal marketplace.  Large range in size, shape, etc.","1"
"4415856",,,,"","village of Ustymivka","1"
"4415876",,,,"","Collected at walnut variety collection growing on reclaimed desert in Wensu Collective.","1"
"4415885",,,,"","Collected in Lang Thacha, 5 km west of Fadhar, in the Kullu Valley, Himachal Pradesh.","1"
"4416347",,,,"","City of El Rodeo","1"
"4417034",,,,"","town of Romny","1"
"4417056",,,,"","Collected from Bhiarchi, Gilgit, 37km northwest of Gilgit, bought from local shopkeeper - nuts grown locally.","1"
"4418303",,,,"","Collected at a 100-year-old orchard in Mei Yao Go Valley, 25 km from Turfan.","1"
"4418311",,,,"","Collected in Chakothi, Muzaffarabad, about 50km southeast of Muzaffarabad.  Bought in market in Chakothi but said to have come from further east (and higher elevation).","1"
"4418313",,,,"","village of Ustymivka","1"
"4418341",,,,"","Collected in Chikar, Muzaffarabad.  Bought in shop of Khawaja Jauid - probably grown near Chikar.","1"
"4419544",,,,"","Lankaran-Astara, Lerik, Lerik Town, Mountains.","1"
"4419759",,,,"","From tree of Mrs. Yaeko Ito.  Ina City, Nagano Prefecture.","1"
"4419764",,,,"","Collected on the bank of the Jinzu River.  Kusajima, Toyam-shi, Toyama-ken.","1"
"4420650",,,,"","Collected at walnut variety collection growing on reclaimed desert in Wensu.","1"
"4420678",,,,"","Collected at an orchard 5-10 km from Turfan.","1"
"4421442",,,,"","Shongar, Qabala","1"
"4422298",,,,"","Collected in Gilroy, on Monterrey Ave. (Business 101) just south of Thomas Avenue intersection.  Across the street and slightly north of Season's and Motel 6.  Santa Clara County.","1"
"4423517",,,,"","Collected in Chonwon, Chungnam.","1"
"4423525",,,,"","village of Manchenky, Valky District","1"
"4423526",,,,"","Collected from Biarchi (Gulapore), Gilgit, 37km northwest of Gilgit from a large tree in the middle of a field north of the road.","1"
"4423530",,,,"","From the Bostandyk Test Field.","1"
"4423547",,,,"","Agsu, Qujay","1"
"4423554",,,,"","Very good (collection) site.  At Indian gardens marker on Hwy 89, north of Sedona.  Also numerous trees along Oak Creek on Hwy 89A north of Sedona.  4700 to 6500 ft. elevation.","1"
"4424671",,,,"","Collected in Carlsbad, NM.","1"
"4425654",,,,"","Near Danville, CA, in Contra Costa County on Blackhawk Road, where stone fence begins just past where Mt. Diablo Rd. splits off to go up to the park.  2120 Blackhawk Rd. on south side of park.","1"
"4425667",,,,"","Collected in Hatian Bala, Muzaffarabad, 36km southeast of Muzaffarabad.  Bought in shop - said to have been grown near Hatian Bala.","1"
"4425677",,,,"","tree in Hradyz'k","1"
"4425692",,,,"","Along creek near Denniston C. Park on Hwy. 150.  At Lion Canyon Drive.  Walnut orchards nearby, about a half mile to a mile E. Upper Ojai Valley.","1"
"4426176",,,,"","Collected in Caddo County.","1"
"4426889",,,,"","Collected at a 100-year-old orchard in Mei Yao Go Valley, 25 km from Turfan.","1"
"4426893",,,,"","Gurbanfendi, Ismayilli","1"
"4426898",,,,"","Collected from Shanxi Province, north-central China.","1"
"4426902",,,,"","Collected in Tandari, Kullu Valley, Himachal Pradesh.","1"
"4427676",,,,"","Collected from Nagano-Nanshin Agricultural Experiment Station.  Shimoichida, Takamori, Nagano Prefecture.","1"
"4427714",,,,"","City of Los Angeles","1"
"4430513",,,,"","village of Krasnokuts'k","1"
"4430530",,,,"","village of Lyubotyn","1"
"4430532",,,,"","Collected in Tandari, Kullu Valley, Himachal Pradesh.","1"
"4431856",,,,"","Collected at walnut variety collection growing on reclaimed desert in Wensu.","1"
"4431865",,,,"","Collected in Chilas, Diamer.  Bought in Chilas, but nuts said to be from higher elevation south of Chilas.","1"
"4431870",,,,"","village of Berezotocha, near Lubny","1"
"4431876",,,,"","town of Lubny","1"
"4432408",,,,"","Collected south of Quito.","1"
"4432964",,,,"","Collected at an orchard 5-10 km from Turfan.","1"
"4432971",,,,"","Collected at walnut variety collection growing on reclaimed desert in Wensu Collective.","1"
"4432979",,,,"","Collected at Qiong Long Shan Experiment Station In Men Tou Gou District.","1"
"4432984",,,,"","village of Petrivka","1"
"4432996",,,,"","village of Berezotocha, near Lubny","1"
"4433941",,,,"","Collected on both sides of pass west of Jerome on Hwy 89A in creek bottom and on north slopes.  Walnut trees not observed about 6800 ft. elevation or below 5000 ft. elevation.","1"
"4435449",,,,"","village of Chutove","1"
"4435452",,,,"","Collected in Chenari, Muzaffarabad, 45 km southeast of Muzaffarabad.  Bought in shop of Mamood Shah - but said to come from village southwest of Chenari.","1"
"4435470",,,,"","Small tree on hillside above Lake Cassitas (NW shore).  No other walnuts (esp. J. regia) seen in area.","1"
"4435985",,,,"","Collected south of Quito.","1"
"4436767",,,,"","Ichnya District","1"
"4436793",,,,"","Collected in Waliabad, Gilgit, about 100km northwest of Gilgit on the farm of Muzafar Wali on alluvial fan above Gilgit River.","1"
"4437078",,,,"","village of Krasnokuts'k","1"
"4437081",,,,"","City of Los Juntas","1"
"4438121",,,,"","Collected at walnut variety collection growing on reclaimed desert in Wensu Collective.","1"
"4438124",,,,"","east of village of Chutove","1"
"4625192",,"WE 436","20151007","10",,"1"
"4871668",,"RS;IC;BH;FC441","20090907","20","Qukës","39"
"4871675",,"RS;IC574","20120722","20","Kastriot","39"
"4871677",,"RS;IC;BH;FC440","20090907","20","Qukës","39"
"4871692",,"RS;IC575","20120722","20","Kastriot","39"
"4877419",,,"1952----","23","6 km to west from Zagatala","32"
"4877420",,,"1960----","40","6 km to west from Zagatala","32"
"4877421",,,"1960----","40","6 km to west from Zagatala","32"
"4877422",,,"1952----","23","6 km to west from Zagatala","32"
"4877423",,,"1960----","40","6 km to west from Zagatala","30"
"4877424",,,"1950----","23","6 km to west from Zagatala","32"
"4877425",,,"1950----","23","6 km to west from Zagatala","32"
"4877426",,,"1952----","23","6 km to west from Zagatala","32"
"4877427",,,"1960----","40","6 km to west from Zagatala","32"
"4877428",,,"1950----","23","6 km to west from Zagatala","31"
"4877429",,,"1950----","23","6 km to west from Zagatala","33"
"4877430",,,"1960----","40","6 km to west from Zagatala","31"
"4877431",,,"1950----","23","6 km to west from Zagatala","31"
"4877432",,,"1970----","40","6 km to west from Zagatala","33"
"4877433",,,"1950----","23","6 km to west from Zagatala","33"
"4877434",,,"1960----","40","6 km to west from Zagatala","32"
"4877435",,,"1960----","40","6 km to west from Zagatala","32"
"4877436",,,"1960----","40","6 km to west from Zagatala","32"
"4877437",,,"1952----","23","6 km to west from Zagatala","31"
"4877438",,,"1952----","23","6 km to west from Zagatala","33"
"4877439",,,"1960----","40","6 km to west from Zagatala","32"
"4877440",,,"1952----","23","6 km to west from Zagatala","32"
"4877441",,,"1970----","40","6 km to west from Zagatala","33"
"4877442",,,"1950----","23","6 km to west from Zagatala","32"
"4877443",,,"1960----","40","6 km to west from Zagatala","32"
"4877444",,,"1951----","23","6 km to west from Zagatala","31"
"4877445",,,"1960----","40","6 km to west from Zagatala","32"
"4877447",,,"1952----","23","6 km to west from Zagatala","31"
"4877448",,,"1960----","40","6 km to west from Zagatala","32"
"4877449",,,"1960----","40","6 km to west from Zagatala","31"
"4877450",,,"1960----","40","6 km to west from Zagatala","32"
"4877451",,,"1970----","40","6 km to west from Zagatala","33"
"4877452",,,"1952----","23","6 km to west from Zagatala","31"
"4877453",,,"1951----","23","6 km to west from Zagatala","33"
"4877454",,,"1960----","40","6 km to west from Zagatala","31"
"4877455",,,"1950----","23","6 km to west from Zagatala","32"
"4877456",,,"1950----","23","6 km to west from Zagatala","33"
"4877457",,,"1960----","40","6 km to west from Zagatala","32"
"4877458",,,"1952----","23","6 km to west from Zagatala","31"
"4877459",,,"1950----","23","6 km to west from Zagatala","31"
"4877460",,,"1950----","23","6 km to west from Zagatala","32"
"4877461",,,"1952----","23","6 km to west from Zagatala","31"
"4877462",,,"1952----","23","6 km to west from Zagatala","33"
"4877463",,,"1952----","23","6 km to west from Zagatala","32"
"4877464",,,"1960----","40","6 km to west from Zagatala","32"
"4877466",,,"1960----","40","6 km to west from Zagatala","31"
"4877467",,,"1960----","40","6 km to west from Zagatala","31"
"4877468",,,"1960----","40","6 km to west from Zagatala","32"
"4877805",,,"1952----","23","6 km to west from Zagatala","32"
"4881717",,,"2003----","11","Lankaran(upland)","29"
"5663486",,,"19970000","40",,"0"
"5663492",,,"19970000","40",,"0"
"5663540",,,"19970000","40",,"0"
"5663543",,,"19970000","40",,"0"
"5663950",,,"19970000","40",,"0"
"5663953",,,"19970000","40",,"0"
"5663954",,,"19970000","40",,"0"
"5663955",,,"19970000","40",,"0"
"5663956",,,"19970000","40",,"0"
"5663957",,,"19970000","40",,"0"
"5663959",,,"19970000","40",,"0"
"5663960",,,"19970000","40",,"0"
"5663961",,,"19970000","40",,"0"
"5663962",,,"19970000","40",,"0"
"5663963",,,"19970000","40",,"0"
"5663968",,,"19970000","40",,"0"
"5663973",,,"19970000","40",,"0"
"5663974",,,"19970000","40",,"0"
"5663975",,,"19970000","40",,"0"
"5663977",,,"19970000","40",,"0"
"5663978",,,"19970000","40",,"0"
"5663979",,,"19970000","40",,"0"
"5663980",,,"19970000","40",,"0"
"5663981",,,"19970000","40",,"0"
"5663983",,,"19970000","40",,"0"
"5663984",,,"19970000","40",,"0"
"5663985",,,"19970000","40",,"0"
"5663986",,,"19970000","40",,"0"
"5663988",,,"19970000","40",,"0"
"5663989",,,"19970000","40",,"0"
"5663990",,,"19970000","40",,"0"
"5663993",,,"19970000","40",,"0"
"5663994",,,"19970000","40",,"0"
"5663999",,,"19970000","40",,"0"
"5664001",,,"19970000","40",,"0"
"5738018",,,,"40",,"15"
"5738019",,,,"40","Bordeaux","21"
"5738020",,,,"40",,"15"
"5738021",,,,"20","Cataluña","1"
"5738022",,,,"40","California","3"
"5738023",,,,"40","Bordeaux","21"
"5738024",,,,"","Cordillera del Atlas","1"
"5738025",,,,"20",,"3"
"5738026",,,"2004----","21","Cataluña;Tarragona;Constanti","21"
"5738027",,,"2004----","10","Cataluña;Tarragona;Ports de Tortosa","20"
"5738028",,,"2004----","10","Cataluña;Gerona;La Vall de Bianya","20"
"5738029",,,"2004----","10","Valencia;Valencia;Ademuz","21"
"5738030",,,"2004----","10","Valencia;Valencia;Ademuz","21"
"5738031",,,"2004----","10","Cataluña;Gerona;La Vall de Bianya","21"
"5738032",,,"2004----","10","Valencia;Valencia;Ademuz","21"
"5738033",,,"2004----","10","Cataluña;Gerona;La Vall de Bianya","21"
"5738034",,,"2004----","10","Cataluña;Tarragona;Ports de Tortosa","21"
"5738035",,,"2004----","10","Cataluña;Tarragona;Ports de Tortosa","20"
"5738036",,,"2004----","10","Andalucia;Jaen;Santiago de la Espada","20"
"5738040",,,"2004----","10","Asturias;Cangas del Narcea","21"
"5738045",,,"2004----","10","Asturias;Cangas del Narcea","20"
"5738046",,,"2004----","10","La Rioja;La Rioja;Pedroso","21"
"6016773",,"SM-016-01 W","20160918","10",,"0"
"6016844",,"DG-016-02 W","20160611","10",,"0"
"6285445",,"ZV;ALL30","20080315","20","Zbarqë, Ndroq","49"
"6285478",,"ZV;ALLLM91","20090116","20",,"48"
"6285626",,"ZV;ALL29","20080315","20","Zbarqë, Ndroq","49"
"6285659",,"ZV;ALLLM89","20090116","20",,"49"
"6285660",,"ZV;ALLLM90","20090116","20",,"49"
"6297521",,,,"40",,"0"
"6297526",,,,"40",,"0"
"6297528",,,,"40",,"0"
"6297535",,,,"40",,"0"
"6297563",,,,"40",,"0"
"6297571",,,,"40",,"0"
"6297589",,,,"40",,"0"
"6297613",,,,"40",,"0"
"6297872",,,,"40",,"0"
"6297874",,,,"40",,"0"
"6297907",,,,"40",,"0"
"6299307",,,,"40",,"0"
"6299330",,,,"40",,"0"
"6299335",,,,"40",,"0"
"6299340",,,,"40",,"0"
"6429046",,,,"40","Cartago; Turrialba","0"
"6485336",,"SBAF TS 18:73","20181014","10",,"0"
"6618023",,"CRSB 1607","20190917","10",,"0"
"6624490",,,,"","Collected in Delaware.","0"
"6624727",,,,"","Collected in walnut variety collection growing on reclaimed desert in Wensu Collective.","0"
"6731715",,,,"","Collected in Seri, Kullu Valley, Himachal Pradesh.","0"
"6875525",,,,"","Collected in Lawrence Co., Alabama, T8S R9W, very close to the center of section 22.","0"
"6879861",,,,"","Bixby State Preserve, T91N R5W SE 1/4 SW 1/4 Sec. 23 Clayton County.","0"
"6894998",,,,"","Arc of Appalachia Preserve System: Highlands Nature Sanctuary, Taloden Woods, Roundtop Trail.","1"
"6900730",,,,"","Thurmond Ranch approximately 3.80 miles southwest of Cheyenne, T13N R24W near center of NW 1/4 of Sec. 27, Roger Mills County","0"
"6914479",,,,"","Chamberlin's Corner","0"
"6921917",,,,"","Swain County; north of Little Tennessee River, cross over Needmore Rd. Suspension Bridge then walk east along river in flood plain zone below service road","0"
"6921918",,,,"","Swain County; north of Little Tennessee River, cross over Needmore Rd. Suspension Bridge then walk east along river in flood plain zone below service road","0"
"6921920",,,,"","Swain County; north of Little Tennessee River, cross over Needmore Rd. Suspension Bridge then walk east along river in flood plain zone below service road","0"
"6921921",,,,"","Swain County; north of Little Tennessee River, cross over Needmore Rd. Suspension Bridge then walk east along river in flood plain zone below service road","0"
"6921924",,,,"","Jackson County; Kiosee Creek Rd., Big Ridge private property managed by Ron Lance, northwest side Bell Coney Mountain","0"
"6921951",,,,"","Polk County","0"
"6922029",,,,"","Taiki-cho, Hokkaido University Farm, Rekifune River Area","0"
"6970864",,,,"","Asturias;Asturias;Cangas del Narcea","1"
"6970865",,,,"","Cataluña;Tarragona;Santa Barbara","1"
"6970866",,,,"","Castilla-La Mancha;Albacete;Riopar;Sierra del Segura","1"
"6970867",,,,"","Madrid;Madrid;Vega del Tajuña","1"
"6970868",,,,"","Castilla-La Mancha;Albacete;Nerpio","1"
"6970870",,,,"","Madrid;Madrid;Vega del Tajuña","1"
"6970871",,,,"","Castilla-La Mancha;Albacete;Río Mundo","1"
"6970872",,,,"","Cataluña;Gerona;La Vall de Bianya","1"
"6970874",,,,"","Andalucia;Granada;Huescar","1"
"6970876",,,,"","Andalucia;Huelva;Galaroza","1"
"6970910",,,,"","Castilla y Leon;Zamora;Villanueva de Azoague","1"
"6970912",,,,"","Castilla-La Mancha;Albacete;Sierra de Alcaraz","1"
"6970914",,,,"","Galicia;Lugo;As Nogais","1"
"6970916",,,,"","Andalucia;Granada;Huescar","1"
"6970918",,,,"","Castilla-La Mancha;Albacete;Río Mundo","1"
"6970920",,,,"","Cataluña;Lerida;Vall de Cardos","1"
"6970922",,,,"","Cataluña;Lerida;Val de Toran","1"
"6970924",,,,"","Aragon;Zaragoza;Daroca","1"
"6983273",,,,"","Castilla y Leon;Zamora;Villanueva de Azoague","1"
"6983274",,,,"","Castilla y Leon;Avila;Navacepedilla de Corneja","1"
"6983275",,,,"","Castilla y Leon;Avila;Riofrio","1"
"6983276",,,,"","Galicia;Pontevedra;Vila de cruces","1"
"6983277",,,,"","Andalucia;Granada;Zafarraya","1"
"6983279",,,,"","Cataluña","0"
"6983280",,,,"","Castilla-La Mancha;Albacete;Sierra del Segura","1"
"6983281",,,,"","Castilla-La Mancha;Albacete;Nerpio","1"
"6983282",,,,"","Galicia;Lugo;Chantada","1"
"6983284",,,,"","Valencia;Valencia;Ademuz","1"
"6983285",,,,"","Cataluña;Lerida;Val de Toran","1"
"6983286",,,,"","Andalucia;Jaen;Santiago-Pontones;Santiago de la Espada","1"
"6983287",,,,"","Galicia;Lugo;Chantada","1"
"6983288",,,,"","Aragon;Teruel","1"
"6983289",,,,"","Andalucia;Malaga;Benaojan","1"
"6983290",,,,"","Castilla-La Mancha;Albacete;Nerpio","1"
"6983291",,,,"","Castilla-La Mancha;Albacete;Sierra del Segura","1"
"6983391",,,,"","Andalucia;Jaen;Santiago-Pontones","1"
"6983392",,,,"","Castilla-La Mancha;Albacete;Nerpio","1"
"6983393",,,,"","Cataluña;Tarragona;El Perello","1"
"6983394",,,,"","Castilla-La Mancha;Albacete;Río Mundo","1"
"6983395",,,,"","Castilla y Leon;Zamora;Villanueva de Azoague","1"
"6983396",,,,"","Castilla y Leon;Leon;Ponferrada","1"
"6983397",,,,"","Castilla-La Mancha;Albacete;Nerpio","1"
"6983398",,,,"","Castilla y Leon;Zamora;Cobreros","1"
"6983399",,,,"","Aragon;Huesca;Benabarre","1"
"6983400",,,,"","La Rioja;La Rioja;Anguiano","1"
"6983401",,,,"","Castilla-La Mancha;Albacete;Sierra de Alcaraz","1"
"6983402",,,,"","Valencia;Valencia;Ademuz","1"
"6983403",,,,"","Cantabria;Cantabria;Camargo;Igollo","1"
"6983407",,,,"","Andalucia;Jaen;Santiago-Pontones","1"
"6983408",,,,"","Cataluña;Barcelona;Sant Vicenç de Torello","1"
"6983409",,,,"","Andalucia;Granada;Zafarraya","1"
"6983410",,,,"","Andalucia;Malaga;Benaojan","1"
"6983411",,,,"","Galicia;Pontevedra;Vila de cruces","1"
"6983412",,,,"","Castilla-La Mancha;Albacete;Nerpio","1"
"6983414",,,,"","Cataluña;Lerida;Vall de Cardos","1"
"6983415",,,,"","Extremadura;Caceres;Guadalupe","1"
"6983417",,,,"","Cataluña;Gerona;La Vall de Bianya","1"
"6983418",,,,"","Andalucia;Huelva;Galaroza","1"
"6983419",,,,"","Andalucia;Granada;Zafarraya","1"
"6983420",,,,"","Galicia;Lugo;Chantada","1"
"6983421",,,,"","Galicia;La Coruña;Pontedeume","1"
"6983422",,,,"","Aragon;Zaragoza;Daroca","1"
"6983458",,,,"","Castilla-La Mancha;Albacete;Salobre;Sierra de Alcaraz","1"
"6983459",,,,"","Castilla-La Mancha;Albacete;Sierra de Alcaraz","1"
"6983460",,,,"","Castilla y Leon;Zamora;Cobreros","1"
"6983461",,,,"","Madrid;Madrid;Vega del Tajuña","1"
"6983462",,,,"","Madrid;Madrid;Río Tajuña","1"
"6983463",,,,"","Madrid;Madrid;Río Tajuña","1"
"6983464",,,,"","La Rioja;La Rioja;Pedroso","1"
"6983465",,,,"","Extremadura;Badajoz;Segura de Leon","1"
"6983466",,,,"","Asturias;Asturias;Belmonte de Miranda","1"
"6983484",,,,"","Cataluña;Tarragona;Capafonts","1"
"6983485",,,,"","Galicia;La Coruña;Pontedeume","1"
"6983486",,,,"","Castilla y Leon;Zamora;Cobreros","1"
"6983487",,,,"","Cataluña","0"
"6983488",,,,"","Castilla y Leon;Leon;Ponferrada","1"
"6983489",,,,"","Madrid;Madrid;Río Tajuña","1"
"6983490",,,,"","Castilla-La Mancha;Albacete;Río Mundo","1"
"6983491",,,,"","Asturias;Asturias;Cangas del Narcea","1"
"6983492",,,,"","Andalucia;Jaen;Santiago-Pontones;Santiago de la Espada","1"
"6983494",,,,"","Galicia;Pontevedra;Vila de cruces","1"
"6983495",,,,"","Cataluña;Tarragona;Ports de Tortosa","1"
"6983496",,,,"","Galicia;Lugo;As Nogais","1"
"6983497",,,,"","Galicia;Orense;Rubia","1"
"6983498",,,,"","Asturias;Asturias;Belmonte de Miranda","1"
"6983523",,,,"","Castilla y Leon;Avila;Riofrio","1"
"6983524",,,,"","Cataluña;Barcelona;Sant Vicenç de Torello","1"
"6983525",,,,"","Castilla-La Mancha;Albacete;Nerpio","1"
"6983526",,,,"","La Rioja;La Rioja;Pedroso","1"
"6983527",,,,"","Andalucia;Granada;Huescar","1"
"6983528",,,,"","Castilla-La Mancha;Albacete;Nerpio","1"
"6983529",,,,"","Aragon;Huesca;Benabarre","1"
"6983530",,,,"","Cataluña;Tarragona;Ports de Tortosa","1"
"6983531",,,,"","Asturias;Asturias;Cangas del Narcea","1"
"6983532",,,,"","Galicia;Lugo;As Nogais","1"
"6986914",,,,"","Andalucia;Jaen;Santiago-Pontones","1"
"6987341",,,,"","Cataluña;Barcelona;Olvan;Finca Can Llop","1"
"6987474",,,,"","Cantabria;Cantabria;Alfoz de Lloredo;Novales","1"
"6987578",,,,"","Castilla y Leon;Leon;Villaquilambre","1"
"6987754",,,,"","Castilla y Leon;Avila;Navacepedilla de Corneja","1"
"6987755",,,,"","Cantabria;Cantabria;Lierganes","1"
"6987756",,,,"","Aragon;Zaragoza;Daroca","1"
"6987877",,,,"","Castilla y Leon;Leon;Villaquilambre","1"
"6988049",,,,"","Cataluña","0"
"6988206",,,,"","Aragon;Huesca;Benabarre","1"
"6988208",,,,"","Castilla y Leon;Avila;Navacepedilla de Corneja","1"
"6988675",,,,"","Andalucia;Malaga;Benaojan","1"
"6988676",,,,"","Castilla-La Mancha;Albacete;Nerpio","1"
"6990579",,,,"","Andalucia;Jaen;Santiago-Pontones;Santiago de la Espada","1"
"6990580",,,,"","Castilla-La Mancha;Albacete;Nerpio","1"
"6991994",,,,"","Castilla y Leon;Avila;Riofrio","1"
"6992149",,,,"","Extremadura;Caceres;Guadalupe","1"
"6992150",,,,"","Cataluña;Gerona;La Vall de Bianya","1"
"6992252",,,,"","Galicia;Orense;Vilardevos","1"
"6992253",,,,"","Andalucia;Huelva;Galaroza","1"
"6992421",,,,"","Cataluña;Barcelona;Sant Vicenç de Torello","1"
"6992440",,,,"","Castilla-La Mancha;Albacete;Sierra del Segura","1"
"6992555",,,,"","Castilla-La Mancha;Albacete;Nerpio","1"
"6992556",,,,"","Valencia;Valencia;Ademuz","1"
"6995245",,,,"","Andalucia;Jaen;Santiago de la Espada","1"
"6995982",,,,"","Castilla y Leon;Leon;Ponferrada","1"
"6996287",,,,"","Cantabria;Cantabria;Cabezon de Liebana;Luriezo","1"
"6996288",,,,"","Castilla-La Mancha;Albacete;Nerpio","1"
"6996289",,,,"","La Rioja;La Rioja;Pedroso","1"
"6996541",,,,"","Cataluña;Lerida;Vall d'Aneu","1"
"6996542",,,,"","Cataluña;Gerona","1"
"6996543",,,,"","Castilla-La Mancha;Albacete;Rio Mundo","1"
"6996544",,,,"","Cataluña;Tarragona","1"
"6996700",,,,"","Galicia;Orense;Vilardevos","1"
"6996701",,,,"","Asturias;Asturias;Belmonte de Miranda","1"
"6996838",,,,"","Cataluña;Tarragona;Ports de Tortosa","1"
"6996839",,,,"","Extremadura;Badajoz;Segura de Leon","1"
"6996840",,,,"","Cataluña;Lerida;Vall d'Aneu","1"
"6996841",,,,"","Cataluña;Lerida;Vall de Cardos","1"
"6997031",,,,"","Galicia;Orense;Vilardevos","1"
"6997032",,,,"","Cantabria;Cantabria;Valderredible;Villaescusa de Ebro","1"
"6997356",,,,"","Galicia;La Coruña;Pontedeume","1"
"7067024",,"210003",,"","Cherkaska obl.","5"
"7067025",,"210002",,"","Cherkaska obl.","5"
"7067185",,,,"40","Republic of Crimea","4"
"7067213",,"06131","2010----","","Republic of Crimea","5"
"7067215",,"06132","2004----","","Republic of Crimea","4"
"7067261",,"00304",,"23","Zakarpatska obl.","5"
"7067273",,"00306",,"23","Zakarpatska obl.","5"
"7067317",,"210001",,"","Cherkaska obl.","5"
"7067319",,"210006",,"","Cherkaska obl.","5"
"7067323",,"210007",,"","Cherkaska obl.","5"
"7068255",,,,"40",,"0"
"7068256",,,,"40",,"0"
"7068257",,,,"40",,"0"
"7068258",,,,"40",,"0"
"7068302",,,,"40",,"0"
"7068303",,,,"40",,"0"
"7068304",,,,"40",,"0"
"7068305",,,,"40",,"0"
"7068306",,,,"40",,"0"
"7068307",,,,"40",,"0"
"7068308",,,,"40",,"0"
"7068309",,,,"40",,"0"
"7068310",,,,"40",,"0"
"7068311",,,,"40",,"0"
"7068312",,,,"40",,"0"
"7068313",,,,"40",,"0"
"7068314",,,,"40",,"0"
"7068315",,,,"40",,"0"
"7068316",,,,"40",,"0"
"7068317",,,,"40",,"0"
"7068318",,,,"40",,"0"
"7084551",,,,"40",,"0"
"7084558",,,,"40",,"0"
"7084559",,,,"40",,"0"
"7085725",,"00305",,"23","Zakarpatska obl.","3"
"7088567",,,,"40",,"0"
"7088568",,,,"40",,"0"
"7088582",,,,"40",,"0"
"7089682",,"210005",,"","Cherkaska obl.","3"
"7191805",,"JUREG006",,"",,"2"
"7191806",,"JUREG007",,"",,"2"
"7196456",,"JUREG005",,"",,"2"
"7252852",,"IJ6-5-9","20171025","13","Bijelo Polje Kostenica","1"
"7252853",,"IJ6-5-29","20171025","13","Andrijevica Poda","1"
"7252854",,"IJ6-5-42","20171025","12","Bijelo Polje Rakonje","1"
"7252855",,"IJ6-5-44","20171025","13","Bijelo Polje Potkrajci","1"
"7252856",,"IJ6-5-46","20171025","13","Cetinje Humci","1"
"7252857",,"IJ6-5-48","20171025","13","Bijelo Polje Kukulje","1"
"7252858",,"IJ6-5-49","20171025","13","Bijelo Polje Boljanina","1"
"7252859",,"IJ6-5-55","20171025","13","Mojkovac Donja Polja","1"
