"genesysId","latitude","longitude","elevation","datum","uncertainty","method"
"5937","","","",,"",,
"356298","","","",,"",,
"435747","45.0","142.0","",,"",,
"468849","","","",,"",,
"469609","","","",,"",,
"480827","43.23333333","142.4","",,"2000.0",,
"2935624","48.383333","15.033333","1040.0",,"",,
"2935625","48.116667","15.133333","270.0",,"",,
"2935626","","","",,"",,
"2935627","","","",,"",,
"2935628","","","",,"",,
"2935629","","","",,"",,
"2935630","48.7","15.85","280.0",,"",,
"2935631","","","",,"",,
"2935632","","","",,"",,
"2935633","","","",,"",,
"2935634","","","",,"",,
"2935635","","","",,"",,
"2935636","","","",,"",,
"2935637","","","",,"",,
"2935638","","","",,"",,
"2935639","","","",,"",,
"2935640","47.766667","16.316667","300.0",,"",,
"2935641","","","",,"",,
"2935642","","","",,"",,
"2935643","","","",,"",,
"2935644","","","",,"",,
"2935645","","","",,"",,
"2935646","","","",,"",,
"2935647","","","",,"",,
"2935648","","","",,"",,
"2935649","","","",,"",,
"2935650","","","",,"",,
"2935651","","","",,"",,
"2935652","","","",,"",,
"2935653","","","",,"",,
"2935654","","","",,"",,
"2935655","","","",,"",,
"2935656","48.066667","16.15","400.0",,"",,
"2935657","","","",,"",,
"2935658","","","",,"",,
"2935659","","","",,"",,
"2935660","","","",,"",,
"2935661","","","",,"",,
"2935662","","","",,"",,
"2935663","","","",,"",,
"2967876","","","",,"",,
"2967877","","","",,"",,
"2967878","","","",,"",,
"2967879","","","",,"",,
"2967880","","","",,"",,
"2967881","","","",,"",,
"2967882","","","",,"",,
"2967883","","","",,"",,
"2967884","","","",,"",,
"2967885","","","",,"",,
"2967887","","","",,"",,
"2970167","","","",,"",,
"2970168","","","",,"",,
"2970169","","","",,"",,
"2970170","","","",,"",,
"2972368","","","",,"",,
"2972369","","","",,"",,
"2972370","","","",,"",,
"2972371","","","",,"",,
"2972372","","","",,"",,
"2972373","","","",,"",,
"2972374","","","",,"",,
"2972375","","","",,"",,
"2977489","","","",,"",,
"2977490","","","",,"",,
"2977491","","","",,"",,
"2977492","","","",,"",,
"2977493","","","",,"",,
"2977494","","","",,"",,
"2977495","","","",,"",,
"2977496","","","",,"",,
"2977497","","","",,"",,
"2977498","","","",,"",,
"2977499","","","",,"",,
"2977500","","","",,"",,
"2977501","","","",,"",,
"3022701","","","",,"",,
"3022702","","","",,"",,
"3022703","","","",,"",,
"3022704","","","",,"",,
"3022705","","","",,"",,
"3022706","","","",,"",,
"3022707","","","",,"",,
"3022708","","","564.0",,"",,
"3022709","","","813.0",,"",,
"3022710","","","629.0",,"",,
"3022711","","","",,"",,
"3022712","","","984.0",,"",,
"3022713","","","440.0",,"",,
"3022714","","","",,"",,
"3022715","","","",,"",,
"3022716","","","",,"",,
"3022717","","","830.0",,"",,
"3022718","","","",,"",,
"3022719","","","450.0",,"",,
"3022720","","","",,"",,
"3022721","","","590.0",,"",,
"3022722","","","",,"",,
"3022723","","","480.0",,"",,
"3022724","","","450.0",,"",,
"3026565","","","",,"",,
"3026566","","","",,"",,
"3026567","","","",,"",,
"3026568","","","",,"",,
"3026569","","","",,"",,
"3026570","","","",,"",,
"3026571","","","",,"",,
"3026572","","","",,"",,
"3026573","","","",,"",,
"3026574","","","",,"",,
"3026575","","","",,"",,
"3026576","","","",,"",,
"3026577","","","",,"",,
"3026578","","","",,"",,
"3026579","","","",,"",,
"3026580","","","",,"",,
"3026582","","","",,"",,
"3026583","","","",,"",,
"3416608","","","",,"",,
"3416609","","","",,"",,
"3416610","","","",,"",,
"3416611","","","",,"",,
"3416612","","","",,"",,
"3416613","","","",,"",,
"3416614","","","",,"",,
"3416615","","","",,"",,
"3416616","","","",,"",,
"3416617","","","",,"",,
"3416618","","","",,"",,
"3416619","","","",,"",,
"3416620","","","",,"",,
"3416621","","","",,"",,
"3416622","","","",,"",,
"3416623","","","",,"",,
"3416624","","","",,"",,
"3416625","","","",,"",,
"3416626","","","",,"",,
"3416627","","","",,"",,
"3416628","","","",,"",,
"3416629","","","",,"",,
"3416630","","","",,"",,
"3416631","","","",,"",,
"3416632","","","",,"",,
"3416633","","","",,"",,
"3416634","","","",,"",,
"3416635","","","",,"",,
"3416637","","","",,"",,
"3416638","","","",,"",,
"3416639","","","",,"",,
"3416640","","","",,"",,
"3416641","","","",,"",,
"3416642","","","",,"",,
"3416643","","","",,"",,
"3416644","","","",,"",,
"3416651","","","",,"",,
"3416653","","","",,"",,
"3416656","","","",,"",,
"3416657","","","",,"",,
"3416658","","","",,"",,
"3416659","","","",,"",,
"3416660","","","",,"",,
"3416661","","","",,"",,
"3416662","","","",,"",,
"3416663","","","",,"",,
"3416664","","","",,"",,
"3416665","","","",,"",,
"3416666","","","",,"",,
"3416667","","","",,"",,
"3416668","","","",,"",,
"3416669","","","",,"",,
"3416670","","","",,"",,
"3416671","","","",,"",,
"3416672","","","",,"",,
"3416673","","","",,"",,
"3416674","","","",,"",,
"3416675","","","",,"",,
"3416676","","","",,"",,
"3416677","","","",,"",,
"3416678","","","",,"",,
"3416679","","","",,"",,
"3416680","","","",,"",,
"3416682","","","",,"",,
"3416683","","","",,"",,
"3416686","","","",,"",,
"3416691","","","",,"",,
"3416692","","","",,"",,
"3416696","","","",,"",,
"3416697","","","",,"",,
"3416698","","","",,"",,
"3416702","","","",,"",,
"3416703","","","",,"",,
"3416704","","","",,"",,
"3416705","","","",,"",,
"3416706","","","",,"",,
"3416708","","","",,"",,
"3416709","","","",,"",,
"3416710","","","",,"",,
"3416711","","","",,"",,
"3416712","","","",,"",,
"3416715","","","",,"",,
"3416717","","","",,"",,
"3416718","","","",,"",,
"3416719","","","",,"",,
"3416720","","","",,"",,
"3416721","","","",,"",,
"3416793","","","",,"",,
"3416794","","","",,"",,
"3416795","","","",,"",,
"3416796","","","",,"",,
"3416797","","","",,"",,
"3416798","","","",,"",,
"3416799","","","",,"",,
"3416800","","","",,"",,
"3416801","","","",,"",,
"3416802","","","",,"",,
"3416803","","","",,"",,
"3416804","","","",,"",,
"3416805","","","",,"",,
"3416806","","","",,"",,
"3416807","","","",,"",,
"3416808","","","",,"",,
"3416809","","","",,"",,
"3416810","","","",,"",,
"3416811","","","",,"",,
"3416812","","","",,"",,
"3416813","","","",,"",,
"3416814","","","",,"",,
"3416815","","","",,"",,
"3416817","","","",,"",,
"3416818","","","",,"",,
"3416819","","","",,"",,
"3416820","","","",,"",,
"3514870","","","",,"",,
"3514871","","","",,"",,
"3514872","","","",,"",,
"3514873","","","",,"",,
"3514874","","","",,"",,
"3514875","","","",,"",,
"3514876","","","",,"",,
"3514877","","","",,"",,
"3514878","","","",,"",,
"3514879","","","",,"",,
"3514880","","","",,"",,
"3514881","","","",,"",,
"3514882","","","",,"",,
"3514883","","","",,"",,
"3514884","","","",,"",,
"3514885","","","",,"",,
"3514886","","","",,"",,
"3514887","","","",,"",,
"3514888","","","",,"",,
"3514889","","","",,"",,
"3514890","","","",,"",,
"3514891","","","",,"",,
"3514892","","","",,"",,
"3514893","","","",,"",,
"3514894","","","",,"",,
"3514895","","","",,"",,
"3514896","","","",,"",,
"3514897","","","",,"",,
"3514898","","","",,"",,
"3514899","","","",,"",,
"3514900","","","",,"",,
"3514901","","","",,"",,
"3514902","","","",,"",,
"3514903","","","",,"",,
"3514904","","","",,"",,
"3514905","","","",,"",,
"3514906","","","",,"",,
"3514907","","","",,"",,
"3514908","","","",,"",,
"3514938","","","",,"",,
"3514939","","","",,"",,
"3514940","","","",,"",,
"3514941","","","",,"",,
"3514942","","","",,"",,
"3514943","","","",,"",,
"3514944","","","",,"",,
"3514945","","","",,"",,
"3514946","","","",,"",,
"3514947","","","",,"",,
"3514948","","","",,"",,
"3514949","","","",,"",,
"3514950","","","",,"",,
"3514951","","","",,"",,
"3514952","","","",,"",,
"3514953","","","",,"",,
"3514954","","","",,"",,
"3514955","","","",,"",,
"3514956","","","",,"",,
"3514957","","","",,"",,
"3514958","","","",,"",,
"3514959","","","",,"",,
"3514960","","","",,"",,
"3514961","","","",,"",,
"3514962","","","",,"",,
"3514963","","","",,"",,
"3514964","","","",,"",,
"3514965","","","",,"",,
"3514966","","","",,"",,
"3514967","","","",,"",,
"3514968","","","",,"",,
"3514969","","","",,"",,
"3514970","","","",,"",,
"3514971","","","",,"",,
"3514972","","","",,"",,
"3514973","","","",,"",,
"3514974","","","",,"",,
"3514975","","","",,"",,
"3514976","","","",,"",,
"3514977","","","",,"",,
"3514978","","","",,"",,
"3514979","","","",,"",,
"3514980","","","",,"",,
"3514981","","","",,"",,
"3514982","","","",,"",,
"3514983","","","",,"",,
"3514984","","","",,"",,
"3514985","","","",,"",,
"3514986","","","",,"",,
"3514987","","","",,"",,
"3514988","","","",,"",,
"3514989","","","",,"",,
"3514990","","","",,"",,
"3514991","","","",,"",,
"3514992","","","",,"",,
"3514993","","","",,"",,
"3514994","","","",,"",,
"3514995","","","",,"",,
"3514996","","","",,"",,
"3514997","","","",,"",,
"3514998","","","",,"",,
"3514999","","","",,"",,
"3515000","","","",,"",,
"3515001","","","",,"",,
"3515002","","","",,"",,
"3515003","","","",,"",,
"3515004","","","",,"",,
"3515005","","","",,"",,
"3515006","","","",,"",,
"3515007","","","",,"",,
"3515008","","","",,"",,
"3515357","","","",,"",,
"3515358","","","",,"",,
"3515359","","","",,"",,
"3515362","","","",,"",,
"3515363","","","",,"",,
"3515364","","","",,"",,
"3515366","","","",,"",,
"3515367","","","",,"",,
"3515369","","","",,"",,
"3515370","","","",,"",,
"3515371","","","",,"",,
"3515372","","","",,"",,
"3515373","","","",,"",,
"3515374","","","",,"",,
"3515377","","","",,"",,
"3515378","","","",,"",,
"3515379","","","",,"",,
"3515380","","","",,"",,
"3515382","","","",,"",,
"3515383","","","",,"",,
"3515384","","","",,"",,
"3515385","","","",,"",,
"3515389","","","",,"",,
"3515390","","","",,"",,
"3515392","","","",,"",,
"3515393","","","",,"",,
"3515394","","","",,"",,
"3515396","","","",,"",,
"3515398","","","",,"",,
"3515401","","","",,"",,
"3515402","","","",,"",,
"3515403","","","",,"",,
"3515404","","","",,"",,
"3515405","","","",,"",,
"3515406","","","",,"",,
"3515407","","","",,"",,
"3515408","","","",,"",,
"3515409","","","",,"",,
"3515410","","","",,"",,
"3515411","","","",,"",,
"3515412","","","",,"",,
"3515413","","","",,"",,
"3515414","","","",,"",,
"3515415","","","",,"",,
"3515416","","","",,"",,
"3515418","","","",,"",,
"3515420","","","",,"",,
"3515422","","","",,"",,
"3515425","","","",,"",,
"3515426","","","",,"",,
"3515428","","","",,"",,
"3515431","","","",,"",,
"3515432","","","",,"",,
"3515433","","","",,"",,
"3515434","","","",,"",,
"3515435","","","",,"",,
"3515437","","","",,"",,
"3515438","","","",,"",,
"3515441","","","",,"",,
"3515442","","","",,"",,
"3515445","","","",,"",,
"3515446","","","",,"",,
"3515447","","","",,"",,
"3515448","","","",,"",,
"3515449","","","",,"",,
"3515454","","","",,"",,
"3515455","","","",,"",,
"3515456","","","",,"",,
"3515457","","","",,"",,
"3515460","","","",,"",,
"3515461","","","",,"",,
"3515462","","","",,"",,
"3515463","","","",,"",,
"3515464","","","",,"",,
"3515465","","","",,"",,
"3515466","","","",,"",,
"3515467","","","",,"",,
"3515468","","","",,"",,
"3515470","","","",,"",,
"3515471","","","",,"",,
"3515472","","","",,"",,
"3515476","","","",,"",,
"3515478","","","",,"",,
"3515479","","","",,"",,
"3515480","","","",,"",,
"3515481","","","",,"",,
"3515482","","","",,"",,
"3515484","","","",,"",,
"3515486","","","",,"",,
"3515487","","","",,"",,
"3515488","","","",,"",,
"3515489","","","",,"",,
"3515490","","","",,"",,
"3515491","","","",,"",,
"3515493","","","",,"",,
"3515494","","","",,"",,
"3515496","","","",,"",,
"3515497","","","",,"",,
"3515499","","","",,"",,
"3515500","","","",,"",,
"3515501","","","",,"",,
"3515503","","","",,"",,
"3515506","","","",,"",,
"3515508","","","",,"",,
"3515509","","","",,"",,
"3515510","","","",,"",,
"3515514","","","",,"",,
"3515515","","","",,"",,
"3515516","","","",,"",,
"3515520","","","",,"",,
"3515521","","","",,"",,
"3515522","","","",,"",,
"3515523","","","",,"",,
"3515524","","","",,"",,
"3515525","","","",,"",,
"3515526","","","",,"",,
"3515527","","","",,"",,
"3515528","","","",,"",,
"3515530","","","",,"",,
"3515536","","","",,"",,
"3515538","","","",,"",,
"3515540","","","",,"",,
"3515541","","","",,"",,
"3515544","","","",,"",,
"3515550","","","",,"",,
"3515551","","","",,"",,
"3515552","","","",,"",,
"3515553","","","",,"",,
"3515554","","","",,"",,
"3515556","","","",,"",,
"3515557","","","",,"",,
"3515558","","","",,"",,
"3515559","","","",,"",,
"3515560","","","",,"",,
"3515562","","","",,"",,
"3515563","","","",,"",,
"3515564","","","",,"",,
"3515565","","","",,"",,
"3515566","","","",,"",,
"3515567","","","",,"",,
"3515570","","","",,"",,
"3515573","","","",,"",,
"3515574","","","",,"",,
"3515575","","","",,"",,
"3515576","","","",,"",,
"3764091","","","260.0",,"",,
"3822258","","","1800.0",,"",,
"3905651","","","",,"",,
"3910081","","","",,"",,
"3910082","","","",,"",,
"3910083","","","",,"",,
"3910084","","","",,"",,
"3910099","","","",,"",,
"3910100","","","",,"",,
"3910101","","","",,"",,
"3910102","","","",,"",,
"3910103","","","",,"",,
"3910104","","","",,"",,
"3910105","","","",,"",,
"3910106","","","",,"",,
"3910107","","","",,"",,
"3910108","","","",,"",,
"3910109","","","",,"",,
"3910110","","","",,"",,
"3910111","","","",,"",,
"3910112","","","",,"",,
"3910113","","","",,"",,
"3910114","","","",,"",,
"3910115","","","",,"",,
"3910116","","","",,"",,
"3910117","","","",,"",,
"3910118","","","",,"",,
"3910119","","","",,"",,
"3910120","","","",,"",,
"3910121","","","",,"",,
"3910122","","","",,"",,
"3910123","","","",,"",,
"3910124","","","",,"",,
"3910125","","","",,"",,
"3910126","","","",,"",,
"3910127","","","",,"",,
"3910128","","","",,"",,
"3910129","","","",,"",,
"3910130","","","",,"",,
"3910131","","","",,"",,
"3910132","","","",,"",,
"3910133","","","",,"",,
"3910134","","","",,"",,
"3910135","","","",,"",,
"3910136","","","",,"",,
"3910137","","","",,"",,
"3910138","","","",,"",,
"3910139","","","",,"",,
"3910140","","","",,"",,
"3910141","","","",,"",,
"3910142","","","",,"",,
"3910143","","","",,"",,
"3914198","","","",,"",,
"3914199","","","",,"",,
"3914200","","","",,"",,
"3914301","","","",,"",,
"3914302","","","",,"",,
"3914303","","","",,"",,
"3914304","","","",,"",,
"3914306","","","",,"",,
"3938736","","","",,"",,
"3938737","","","",,"",,
"3938740","","","",,"",,
"3938742","","","",,"",,
"3938744","","","",,"",,
"3938746","","","",,"",,
"3938748","","","",,"",,
"3942902","","","",,"",,
"3942903","","","",,"",,
"3942904","","","",,"",,
"3942905","","","",,"",,
"3942906","","","",,"",,
"3942907","","","",,"",,
"3942908","","","",,"",,
"3942909","","","",,"",,
"3942910","","","",,"",,
"3942911","","","",,"",,
"3942912","","","",,"",,
"3942913","","","",,"",,
"3942914","","","",,"",,
"3942915","","","",,"",,
"3942916","","","",,"",,
"3942917","","","",,"",,
"3942918","","","",,"",,
"3942919","","","",,"",,
"3942920","","","",,"",,
"3942921","","","",,"",,
"3942922","","","",,"",,
"3942923","","","",,"",,
"3942924","","","",,"",,
"3942925","","","",,"",,
"3942926","","","",,"",,
"3942927","","","",,"",,
"3942928","","","",,"",,
"3942929","","","",,"",,
"3942930","","","",,"",,
"3942931","","","",,"",,
"3942932","","","",,"",,
"3942933","","","",,"",,
"3942934","","","",,"",,
"3942935","","","",,"",,
"3942936","","","",,"",,
"3942937","","","",,"",,
"3942938","","","",,"",,
"3942939","","","",,"",,
"3942940","","","",,"",,
"3942941","","","",,"",,
"3942942","","","",,"",,
"3942943","","","",,"",,
"3942947","","","",,"",,
"3956696","46.8356","7.00472","579.0",,"",,
"3962954","28.41","-16.489167","681.0",,"",,
"3962959","28.45","-16.416111","908.0",,"",,
"3963058","28.493056","-16.407222","465.0",,"",,
"3963067","28.478333","-16.408889","560.0",,"",,
"3963076","28.451944","-16.444722","789.0",,"",,
"3963078","28.451944","-16.444722","789.0",,"",,
"3963079","28.451944","-16.444722","789.0",,"",,
"3963080","28.451944","-16.444722","789.0",,"",,
"3963119","28.437778","-16.403333","850.0",,"",,
"3963150","28.433611","-16.439167","866.0",,"",,
"3963315","28.321944","-16.839167","",,"",,
"3963405","28.473611","-16.316667","",,"",,
"3963558","28.395278","-16.499444","566.0",,"",,
"3963562","28.373333","-16.500833","859.0",,"",,
"3963637","28.3775","-16.5","776.0",,"",,
"3963642","28.3775","-16.5","776.0",,"",,
"3963653","28.1075","-16.49","833.0",,"",,
"3963666","28.369722","-16.491667","1012.0",,"",,
"3963672","28.3825","-16.500833","668.0",,"",,
"3963676","28.3825","-16.500833","650.0",,"",,
"3963699","28.371944","-16.496944","925.0",,"",,
"3963718","28.323333","-16.84","812.0",,"",,
"4005734","","","",,"",,
"4005740","","","",,"",,
"4005744","","","",,"",,
"4005812","","","",,"",,
"4005855","","","",,"",,
"4007195","","","",,"",,
"4017713","","","",,"",,
"4017721","","","",,"",,
"4018600","","","",,"",,
"4024723","","","",,"",,
"4024727","","","",,"",,
"4024730","","","",,"",,
"4024731","","","",,"",,
"4024732","","","",,"",,
"4024733","","","",,"",,
"4024734","","","",,"",,
"4024735","","","",,"",,
"4024736","","","",,"",,
"4024737","","","",,"",,
"4024738","","","",,"",,
"4024739","","","",,"",,
"4024740","","","",,"",,
"4024741","","","",,"",,
"4024742","","","",,"",,
"4024745","","","",,"",,
"4024746","","","",,"",,
"4024747","","","",,"",,
"4024748","","","",,"",,
"4024749","","","",,"",,
"4024750","","","",,"",,
"4024751","","","",,"",,
"4024752","","","",,"",,
"4024753","","","",,"",,
"4024754","","","",,"",,
"4024755","","","",,"",,
"4024756","","","",,"",,
"4024757","","","",,"",,
"4024758","","","",,"",,
"4024759","","","",,"",,
"4024760","","","",,"",,
"4024761","","","",,"",,
"4024762","","","",,"",,
"4024763","","","",,"",,
"4024764","","","",,"",,
"4024765","","","",,"",,
"4024766","","","",,"",,
"4024767","","","",,"",,
"4024768","","","",,"",,
"4024769","","","",,"",,
"4024770","","","",,"",,
"4024771","","","",,"",,
"4024772","","","",,"",,
"4024773","","","",,"",,
"4024774","","","",,"",,
"4024775","","","",,"",,
"4024776","","","",,"",,
"4024777","","","",,"",,
"4024778","","","",,"",,
"4024779","","","",,"",,
"4024780","","","",,"",,
"4024781","","","",,"",,
"4024782","","","",,"",,
"4024783","","","",,"",,
"4024784","","","",,"",,
"4024785","","","",,"",,
"4024786","","","",,"",,
"4024787","","","",,"",,
"4024788","","","",,"",,
"4024789","","","",,"",,
"4024790","","","",,"",,
"4024791","","","",,"",,
"4024792","","","",,"",,
"4024793","","","",,"",,
"4024794","","","",,"",,
"4024795","","","",,"",,
"4024796","","","",,"",,
"4024797","","","",,"",,
"4024798","","","",,"",,
"4024799","","","",,"",,
"4024800","","","",,"",,
"4024801","","","",,"",,
"4024802","","","",,"",,
"4024803","","","",,"",,
"4024804","","","",,"",,
"4024805","","","",,"",,
"4024806","","","",,"",,
"4024807","","","",,"",,
"4024808","","","",,"",,
"4024809","","","",,"",,
"4024810","","","",,"",,
"4024811","","","",,"",,
"4024812","","","",,"",,
"4024813","","","",,"",,
"4024814","","","",,"",,
"4024815","","","",,"",,
"4024816","","","",,"",,
"4024817","","","",,"",,
"4024818","","","",,"",,
"4024819","","","",,"",,
"4024820","","","",,"",,
"4024821","","","",,"",,
"4024822","","","",,"",,
"4024823","","","",,"",,
"4024825","","","",,"",,
"4024826","","","",,"",,
"4024827","","","",,"",,
"4024828","","","",,"",,
"4024829","","","",,"",,
"4024832","","","",,"",,
"4024833","","","",,"",,
"4024834","","","",,"",,
"4024836","","","",,"",,
"4024838","","","",,"",,
"4024839","","","",,"",,
"4024840","","","",,"",,
"4024845","","","",,"",,
"4024851","","","",,"",,
"4024853","","","",,"",,
"4024856","","","",,"",,
"4024859","","","",,"",,
"4024860","","","",,"",,
"4024862","","","",,"",,
"4024863","","","",,"",,
"4024865","","","",,"",,
"4024867","","","",,"",,
"4024869","","","",,"",,
"4024872","","","",,"",,
"4024874","","","",,"",,
"4024877","","","",,"",,
"4024880","46.0917","7.175","935.0",,"",,
"4024881","46.5719","6.45444","580.0",,"",,
"4024882","46.5456","6.63389","702.0",,"",,
"4024883","","","",,"",,
"4024884","46.6447","6.57639","613.0",,"",,
"4024885","46.4647","6.89694","620.0",,"",,
"4024886","46.3117","7.85194","876.0",,"",,
"4024888","46.1753","7.22972","491.0",,"",,
"4024889","46.4689","6.3925","406.0",,"",,
"4024890","46.0917","7.175","935.0",,"",,
"4024891","46.2725","7.02694","712.0",,"",,
"4024893","46.5456","6.63389","702.0",,"",,
"4024894","46.4625","6.20889","917.0",,"",,
"4024895","46.5519","6.57639","465.0",,"",,
"4024897","46.6378","6.97167","845.0",,"",,
"4024898","46.2217","7.42361","1162.0",,"",,
"4024901","46.5481","6.8625","750.0",,"",,
"4024902","46.5481","6.8625","750.0",,"",,
"4024903","46.5719","6.45444","580.0",,"",,
"4024904","46.1928","6.04417","370.0",,"",,
"4024905","46.2217","7.42361","1162.0",,"",,
"4024906","46.5275","6.51722","445.0",,"",,
"4024907","46.3969","6.25806","443.0",,"",,
"4024908","46.2564","6.13806","377.0",,"",,
"4024910","","","838.0",,"",,
"4024911","46.2564","6.13806","377.0",,"",,
"4024912","46.4647","6.89694","620.0",,"",,
"4024913","46.5264","6.485","484.0",,"",,
"4024914","46.4519","6.29417","469.0",,"",,
"4024915","46.5275","6.51722","445.0",,"",,
"4024916","46.3483","6.95972","941.0",,"",,
"4024917","46.185","6.01306","434.0",,"",,
"4024918","46.6442","6.44722","652.0",,"",,
"4024919","46.5519","6.57639","465.0",,"",,
"4024920","46.6447","6.57639","613.0",,"",,
"4024921","46.32","8.02306","745.0",,"",,
"4024923","46.2725","7.02694","712.0",,"",,
"4024924","46.1747","6.01972","431.0",,"",,
"4024926","46.4625","6.20889","917.0",,"",,
"4024927","46.3483","6.95972","941.0",,"",,
"4024928","46.185","6.01306","434.0",,"",,
"4024929","46.1928","6.04417","370.0",,"",,
"4024930","47.0442","6.75583","1054.0",,"",,
"4024931","46.7058","7.1175","831.0",,"",,
"4024932","46.7972","6.75917","440.0",,"",,
"4024933","","","",,"",,
"4024934","46.75","6.64028","456.0",,"",,
"4024935","46.7136","6.63806","600.0",,"",,
"4024936","","","",,"",,
"4024937","46.9139","7.14667","585.0",,"",,
"4024938","46.8122","6.61472","567.0",,"",,
"4024939","","","",,"",,
"4024940","46.6964","6.455","702.0",,"",,
"4024941","46.8475","6.8575","450.0",,"",,
"4024942","46.7736","6.87944","450.0",,"",,
"4024943","46.75","6.64028","456.0",,"",,
"4024944","46.7972","6.75917","440.0",,"",,
"4024945","46.6481","6.41056","842.0",,"",,
"4024946","47.1969","6.895","889.0",,"",,
"4024947","46.75","6.64028","456.0",,"",,
"4024948","","","",,"",,
"4024949","46.8475","6.8575","450.0",,"",,
"4024950","47.1006","6.81417","984.0",,"",,
"4024951","47.4375","7.095","432.0",,"",,
"4024952","47.1006","6.81417","984.0",,"",,
"4024953","46.6889","6.45056","800.0",,"",,
"4024954","46.7736","6.87944","450.0",,"",,
"4024955","46.8122","6.61472","567.0",,"",,
"4024956","46.855","6.88667","530.0",,"",,
"4024957","46.8028","6.62917","495.0",,"",,
"4024958","46.7136","6.63806","600.0",,"",,
"4024959","46.7694","7.26611","682.0",,"",,
"4024960","47.4508","7.1375","440.0",,"",,
"4024961","46.5947","6.54111","504.0",,"",,
"4024962","46.7694","7.26611","682.0",,"",,
"4024963","46.6481","6.41056","842.0",,"",,
"4024964","46.6422","6.81444","651.0",,"",,
"4024965","46.9139","7.14667","585.0",,"",,
"4024966","46.8028","6.62917","495.0",,"",,
"4024967","47.4375","7.095","432.0",,"",,
"4024968","","","",,"",,
"4024969","","","",,"",,
"4024970","47.0442","6.75583","1054.0",,"",,
"4024971","46.7136","6.63806","600.0",,"",,
"4024972","46.7972","6.75917","440.0",,"",,
"4024973","46.7058","7.1175","831.0",,"",,
"4024974","46.6964","6.455","702.0",,"",,
"4024975","","","",,"",,
"4024976","47.1006","6.81417","984.0",,"",,
"4024977","","","",,"",,
"4024978","47.3669","7.31","563.0",,"",,
"4024979","","","",,"",,
"4024980","46.4103","6.18056","557.0",,"",,
"4024981","46.4647","6.89694","620.0",,"",,
"4024982","46.2008","6.045","402.0",,"",,
"4024983","46.2631","7.39917","838.0",,"",,
"4024984","46.3969","6.25806","443.0",,"",,
"4024985","46.2708","7.04028","954.0",,"",,
"4024986","46.2172","5.99667","438.0",,"",,
"4024987","46.1928","6.04417","370.0",,"",,
"4024988","46.4681","6.25472","759.0",,"",,
"4024989","46.4689","6.39278","410.0",,"",,
"4024990","46.1736","7.22528","525.0",,"",,
"4024991","46.4744","6.35917","477.0",,"",,
"4024992","46.3008","6.97889","414.0",,"",,
"4024993","46.2564","6.13806","377.0",,"",,
"4024994","46.0753","7.20889","910.0",,"",,
"4024995","46.3206","7.61222","790.0",,"",,
"4024996","46.3503","7.035","1068.0",,"",,
"4024997","46.2114","6.98306","879.0",,"",,
"4024998","46.185","6.01306","425.0",,"",,
"4024999","46.1753","7.22972","491.0",,"",,
"4025000","46.1897","6.04611","396.0",,"",,
"4025001","46.4058","6.23361","478.0",,"",,
"4025002","46.2822","6.92694","400.0",,"",,
"4025003","46.3153","8.01222","745.0",,"",,
"4025004","46.2217","7.42361","1162.0",,"",,
"4025005","46.4519","6.29417","469.0",,"",,
"4025006","46.3514","6.89361","399.0",,"",,
"4025007","46.3483","6.95972","941.0",,"",,
"4025008","46.185","6.01306","434.0",,"",,
"4025009","46.3139","7.5475","748.0",,"",,
"4025010","46.0917","7.175","935.0",,"",,
"4025011","46.3153","7.77583","660.0",,"",,
"4025012","46.4231","6.24028","478.0",,"",,
"4025013","46.4625","6.20889","917.0",,"",,
"4025014","46.2725","7.02694","712.0",,"",,
"4025015","46.1747","6.01972","431.0",,"",,
"4025016","46.3511","6.96194","1023.0",,"",,
"4025017","46.3092","7.57694","598.0",,"",,
"4025018","46.3117","7.79056","663.0",,"",,
"4025019","46.3117","7.85194","876.0",,"",,
"4025020","46.2633","7.39889","852.0",,"",,
"4025021","46.4647","6.88972","620.0",,"",,
"4025022","46.0919","7.175","938.0",,"",,
"4025023","46.0758","7.21306","909.0",,"",,
"4025024","46.335","8.01528","745.0",,"",,
"4025025","46.2722","7.03056","789.0",,"",,
"4025026","46.4689","6.3925","406.0",,"",,
"4025027","46.3408","8.02389","",,"",,
"4025028","46.3167","7.85556","1094.0",,"",,
"4025029","46.32","8.02306","745.0",,"",,
"4025030","46.5481","6.87028","835.0",,"",,
"4025031","46.4772","6.23722","828.0",,"",,
"4025032","46.6375","6.6625","718.0",,"",,
"4025033","46.5264","6.485","484.0",,"",,
"4025034","46.6472","6.41083","842.0",,"",,
"4025035","46.6922","6.44917","791.0",,"",,
"4025036","46.6442","6.44722","652.0",,"",,
"4025037","46.6453","6.82528","685.0",,"",,
"4025038","46.5956","6.545","524.0",,"",,
"4025039","46.6019","6.54194","516.0",,"",,
"4025040","46.6064","6.73972","830.0",,"",,
"4025041","46.6406","6.64139","642.0",,"",,
"4025042","46.5833","6.42694","655.0",,"",,
"4025043","46.6289","6.79194","689.0",,"",,
"4025044","46.5456","6.63389","702.0",,"",,
"4025045","46.5483","6.61472","622.0",,"",,
"4025046","46.5719","6.455","580.0",,"",,
"4025047","46.6422","6.81444","651.0",,"",,
"4025048","46.5953","6.54056","503.0",,"",,
"4025049","46.5478","6.60639","609.0",,"",,
"4025050","46.6119","6.52694","497.0",,"",,
"4025051","46.6286","6.79194","696.0",,"",,
"4025052","46.6156","6.75","717.0",,"",,
"4025053","46.6006","6.53778","501.0",,"",,
"4025054","46.4953","6.87222","763.0",,"",,
"4025055","46.6011","6.37111","787.0",,"",,
"4025056","46.6481","6.41056","842.0",,"",,
"4025057","46.5722","6.45444","580.0",,"",,
"4025058","46.6378","6.97167","845.0",,"",,
"4025059","46.5947","6.54111","504.0",,"",,
"4025060","46.5008","6.87889","750.0",,"",,
"4025061","46.6289","6.70583","830.0",,"",,
"4025062","46.6089","6.91028","956.0",,"",,
"4025063","46.5719","6.45444","580.0",,"",,
"4025064","46.5722","6.455","580.0",,"",,
"4025065","46.5275","6.51722","445.0",,"",,
"4025066","46.6889","6.45056","800.0",,"",,
"4025067","46.69","6.45194","775.0",,"",,
"4025068","46.5519","6.57639","465.0",,"",,
"4025069","46.6447","6.57639","613.0",,"",,
"4025070","46.6897","6.45194","779.0",,"",,
"4025071","46.6311","6.83833","704.0",,"",,
"4025072","46.6436","6.57611","631.0",,"",,
"4025073","46.6564","6.92889","772.0",,"",,
"4025074","46.5964","6.54389","520.0",,"",,
"4025075","46.5478","6.61056","609.0",,"",,
"4025076","46.5533","6.62361","667.0",,"",,
"4025077","46.5806","6.86056","858.0",,"",,
"4025078","46.6422","6.84333","847.0",,"",,
"4025079","46.5481","6.8625","750.0",,"",,
"4025080","46.7217","7.06889","720.0",,"",,
"4025081","46.7692","6.95917","716.0",,"",,
"4025082","46.8339","6.84361","493.0",,"",,
"4025083","46.8028","6.62917","495.0",,"",,
"4025084","46.7058","7.1175","831.0",,"",,
"4025085","46.8103","6.77972","470.0",,"",,
"4025086","46.6964","6.455","702.0",,"",,
"4025087","46.855","6.88667","530.0",,"",,
"4025088","46.8031","6.62917","506.0",,"",,
"4025089","46.8139","6.61972","568.0",,"",,
"4025090","46.7089","7.05417","809.0",,"",,
"4025091","46.7136","6.63806","600.0",,"",,
"4025092","46.8244","7.01944","603.0",,"",,
"4025093","46.7694","7.26611","682.0",,"",,
"4025094","46.7061","7.03222","801.0",,"",,
"4025095","46.8475","6.8575","450.0",,"",,
"4025096","46.7389","7.02389","732.0",,"",,
"4025097","46.8867","6.74611","620.0",,"",,
"4025098","46.8319","6.66111","475.0",,"",,
"4025099","46.7581","7.07722","695.0",,"",,
"4025100","46.75","6.64028","456.0",,"",,
"4025101","46.8742","6.88667","493.0",,"",,
"4025102","46.7078","7.06194","809.0",,"",,
"4025103","46.8417","7.11167","715.0",,"",,
"4025104","46.8425","6.66694","580.0",,"",,
"4025105","46.8569","6.91833","481.0",,"",,
"4025106","46.8172","7.07889","688.0",,"",,
"4025107","46.6961","6.45611","706.0",,"",,
"4025108","46.8878","6.74583","617.0",,"",,
"4025109","46.7736","6.87944","440.0",,"",,
"4025110","46.7572","7.085","706.0",,"",,
"4025111","46.8853","6.98278","464.0",,"",,
"4025112","46.8844","6.74194","620.0",,"",,
"4025113","46.7972","6.75917","440.0",,"",,
"4025114","46.8031","6.62889","518.0",,"",,
"4025115","46.7822","6.83639","688.0",,"",,
"4025116","46.81","6.61306","539.0",,"",,
"4025117","46.7706","6.99194","695.0",,"",,
"4025118","46.7686","7.2425","948.0",,"",,
"4025119","46.8244","7.01861","573.0",,"",,
"4025120","46.8364","6.82639","489.0",,"",,
"4025121","46.77","6.99639","721.0",,"",,
"4025122","46.7022","7.05056","901.0",,"",,
"4025123","46.7036","6.44111","879.0",,"",,
"4025124","46.7003","6.44389","782.0",,"",,
"4025125","46.7161","7.01611","747.0",,"",,
"4025126","46.7736","6.87944","450.0",,"",,
"4025127","46.8372","6.84639","504.0",,"",,
"4025128","46.8122","6.61472","567.0",,"",,
"4025129","46.6928","6.45806","703.0",,"",,
"4025130","","","450.0",,"",,
"4025131","47.3906","7.04333","536.0",,"",,
"4025132","","","550.0",,"",,
"4025133","46.9125","7.15361","596.0",,"",,
"4025134","46.9139","7.14667","585.0",,"",,
"4025135","","","500.0",,"",,
"4025136","47.3925","6.94417","545.0",,"",,
"4025137","47.0481","6.95306","783.0",,"",,
"4025138","46.9103","6.96","506.0",,"",,
"4025139","47.355","7.50611","565.0",,"",,
"4025140","47.0542","6.95444","769.0",,"",,
"4025141","","","440.0",,"",,
"4025142","47.3333","7.19944","533.0",,"",,
"4025143","47.4742","7.10194","419.0",,"",,
"4025144","","","550.0",,"",,
"4025145","46.8978","6.74722","656.0",,"",,
"4025146","","","520.0",,"",,
"4025147","47.3669","7.31","563.0",,"",,
"4025148","46.9522","6.83528","449.0",,"",,
"4025149","46.8894","7.14722","580.0",,"",,
"4025150","","","440.0",,"",,
"4025151","47.4375","7.095","432.0",,"",,
"4025152","47.3908","7.37611","400.0",,"",,
"4025153","","","580.0",,"",,
"4025154","","","603.0",,"",,
"4025155","","","480.0",,"",,
"4025156","","","550.0",,"",,
"4025157","","","630.0",,"",,
"4025158","47.4508","7.1375","440.0",,"",,
"4025159","47.0517","6.95694","769.0",,"",,
"4025160","47.0442","6.75583","1054.0",,"",,
"4025161","47.1006","6.81417","984.0",,"",,
"4025162","47.4844","7.10056","454.0",,"",,
"4025163","","","500.0",,"",,
"4025164","","","900.0",,"",,
"4025165","","","573.0",,"",,
"4025166","","","750.0",,"",,
"4025167","","","535.0",,"",,
"4025168","47.3433","7.49861","556.0",,"",,
"4025169","46.9531","6.83361","449.0",,"",,
"4025170","47.1969","6.895","889.0",,"",,
"4025171","","","780.0",,"",,
"4025172","47.3592","7.46472","",,"",,
"4025173","","","450.0",,"",,
"4025174","","","610.0",,"",,
"4025175","","","453.0",,"",,
"4025176","","","480.0",,"",,
"4025177","47.0722","6.97278","600.0",,"",,
"4025178","","","600.0",,"",,
"4025179","47.4828","7.03222","383.0",,"",,
"4025180","","","",,"",,
"4025181","","","440.0",,"",,
"4025182","","","570.0",,"",,
"4025183","","","420.0",,"",,
"4025184","","","550.0",,"",,
"4025185","","","707.0",,"",,
"4025186","","","420.0",,"",,
"4025187","","","540.0",,"",,
"4025188","","","455.0",,"",,
"4025189","","","470.0",,"",,
"4025190","","","500.0",,"",,
"4025191","","","510.0",,"",,
"4025192","","","460.0",,"",,
"4025193","","","",,"",,
"4025194","","","670.0",,"",,
"4025195","","","823.0",,"",,
"4025196","","","453.0",,"",,
"4025197","","","425.0",,"",,
"4025198","","","570.0",,"",,
"4025199","","","450.0",,"",,
"4025200","","","425.0",,"",,
"4025201","","","500.0",,"",,
"4025202","","","550.0",,"",,
"4025203","","","",,"",,
"4025204","","","720.0",,"",,
"4025205","","","400.0",,"",,
"4025206","","","740.0",,"",,
"4025207","","","",,"",,
"4025208","","","520.0",,"",,
"4025209","","","470.0",,"",,
"4025210","","","483.0",,"",,
"4025211","","","",,"",,
"4025212","","","500.0",,"",,
"4025213","","","1090.0",,"",,
"4025214","","","500.0",,"",,
"4025215","","","470.0",,"",,
"4025216","","","",,"",,
"4025217","","","450.0",,"",,
"4025218","","","670.0",,"",,
"4025219","","","510.0",,"",,
"4025220","","","460.0",,"",,
"4025221","","","440.0",,"",,
"4025222","","","430.0",,"",,
"4025223","","","560.0",,"",,
"4025224","","","500.0",,"",,
"4025225","","","470.0",,"",,
"4025226","","","",,"",,
"4025227","","","570.0",,"",,
"4025228","","","",,"",,
"4025229","","","400.0",,"",,
"4025230","","","500.0",,"",,
"4025231","","","490.0",,"",,
"4025232","","","430.0",,"",,
"4025237","","","",,"",,
"4025239","","","",,"",,
"4025241","","","",,"",,
"4025242","","","",,"",,
"4025244","","","",,"",,
"4025245","","","",,"",,
"4025246","","","",,"",,
"4025249","","","",,"",,
"4025254","","","",,"",,
"4025257","","","",,"",,
"4025262","","","",,"",,
"4025265","","","",,"",,
"4025267","","","",,"",,
"4025270","","","",,"",,
"4025273","","","",,"",,
"4025275","","","",,"",,
"4025290","","","",,"",,
"4025302","","","",,"",,
"4025308","","","",,"",,
"4025313","","","",,"",,
"4026800","","","",,"",,
"4026801","","","",,"",,
"4026802","","","",,"",,
"4026803","","","",,"",,
"4026804","","","",,"",,
"4026805","","","",,"",,
"4026806","","","",,"",,
"4026807","","","",,"",,
"4026808","","","",,"",,
"4026809","","","",,"",,
"4026810","","","",,"",,
"4026811","","","",,"",,
"4026812","","","",,"",,
"4026813","","","",,"",,
"4026814","","","",,"",,
"4026815","","","",,"",,
"4026816","","","",,"",,
"4026817","","","",,"",,
"4026818","","","",,"",,
"4026819","","","",,"",,
"4026820","","","",,"",,
"4026821","","","",,"",,
"4026822","","","",,"",,
"4026823","","","",,"",,
"4026824","","","",,"",,
"4026825","","","",,"",,
"4026826","","","",,"",,
"4026827","","","",,"",,
"4026828","","","",,"",,
"4026829","","","",,"",,
"4026830","","","",,"",,
"4026831","","","",,"",,
"4026832","","","",,"",,
"4026833","","","",,"",,
"4026834","","","",,"",,
"4026835","","","",,"",,
"4026836","","","",,"",,
"4026837","","","",,"",,
"4026838","","","",,"",,
"4026839","","","",,"",,
"4026840","","","",,"",,
"4026841","","","",,"",,
"4026842","","","",,"",,
"4026843","","","",,"",,
"4026844","","","",,"",,
"4026845","","","",,"",,
"4026846","","","",,"",,
"4026847","","","",,"",,
"4026848","","","",,"",,
"4026849","","","",,"",,
"4026850","","","",,"",,
"4026851","","","",,"",,
"4026852","","","",,"",,
"4026853","","","",,"",,
"4026854","","","",,"",,
"4026855","","","",,"",,
"4026856","","","",,"",,
"4026857","","","",,"",,
"4026858","","","",,"",,
"4026859","","","",,"",,
"4026860","","","",,"",,
"4026861","","","",,"",,
"4026862","","","",,"",,
"4026863","","","",,"",,
"4026864","","","",,"",,
"4026865","","","",,"",,
"4026866","","","",,"",,
"4026867","","","",,"",,
"4026868","","","",,"",,
"4026869","","","",,"",,
"4026870","","","",,"",,
"4026871","","","",,"",,
"4026872","","","",,"",,
"4026873","","","",,"",,
"4026874","","","",,"",,
"4026875","","","",,"",,
"4026876","","","",,"",,
"4026877","","","",,"",,
"4026878","","","",,"",,
"4026879","","","",,"",,
"4026880","","","",,"",,
"4026881","","","",,"",,
"4026882","","","",,"",,
"4026883","","","",,"",,
"4026884","","","",,"",,
"4026885","","","",,"",,
"4026886","","","",,"",,
"4026887","","","",,"",,
"4026888","","","",,"",,
"4026889","","","",,"",,
"4026890","","","",,"",,
"4026891","","","",,"",,
"4026892","","","",,"",,
"4026893","","","",,"",,
"4026894","","","",,"",,
"4026895","","","",,"",,
"4026896","","","",,"",,
"4026897","","","",,"",,
"4026898","","","",,"",,
"4026899","","","",,"",,
"4026900","","","",,"",,
"4026901","","","",,"",,
"4026902","","","",,"",,
"4026903","","","",,"",,
"4026904","","","",,"",,
"4026905","","","",,"",,
"4026906","","","",,"",,
"4026907","","","",,"",,
"4026908","","","",,"",,
"4026909","","","",,"",,
"4026910","","","",,"",,
"4026911","","","",,"",,
"4026912","","","",,"",,
"4026913","","","",,"",,
"4026914","","","",,"",,
"4026915","","","",,"",,
"4026916","","","",,"",,
"4026917","","","",,"",,
"4026918","","","",,"",,
"4026919","","","",,"",,
"4026920","","","",,"",,
"4026921","","","",,"",,
"4026922","","","",,"",,
"4026923","","","",,"",,
"4026924","","","",,"",,
"4026925","","","",,"",,
"4026926","","","",,"",,
"4026927","","","",,"",,
"4026928","","","",,"",,
"4026929","","","",,"",,
"4026930","","","",,"",,
"4026931","","","",,"",,
"4026932","","","",,"",,
"4026933","","","",,"",,
"4026934","","","",,"",,
"4026935","","","",,"",,
"4026936","","","",,"",,
"4026937","","","",,"",,
"4026938","","","",,"",,
"4026939","","","",,"",,
"4092420","","","",,"",,
"4092429","","","",,"",,
"4092441","","","",,"",,
"4092450","","","",,"",,
"4092462","","","",,"",,
"4101185","","","",,"",,
"4101192","","","",,"",,
"4101202","","","",,"",,
"4101206","","","",,"",,
"4101208","","","",,"",,
"4101211","","","",,"",,
"4101214","","","",,"",,
"4101238","","","",,"",,
"4101242","","","",,"",,
"4101246","","","",,"",,
"4101250","","","",,"",,
"4101254","","","",,"",,
"4101261","","","",,"",,
"4101272","","","",,"",,
"4101274","","","",,"",,
"4101277","","","",,"",,
"4103469","","","",,"",,
"4103470","","","",,"",,
"4103471","","","",,"",,
"4103474","","","",,"",,
"4103475","","","",,"",,
"4103476","","","",,"",,
"4103478","","","",,"",,
"4103480","","","",,"",,
"4103481","","","",,"",,
"4103483","","","",,"",,
"4103484","","","",,"",,
"4103485","","","",,"",,
"4103486","","","",,"",,
"4103487","","","",,"",,
"4103489","","","",,"",,
"4103491","","","",,"",,
"4103492","","","",,"",,
"4103493","","","",,"",,
"4103494","","","",,"",,
"4103496","","","",,"",,
"4103498","","","",,"",,
"4103499","","","",,"",,
"4103500","","","",,"",,
"4103501","","","",,"",,
"4103502","","","",,"",,
"4103503","","","",,"",,
"4103504","","","",,"",,
"4103505","","","",,"",,
"4103506","","","",,"",,
"4103507","","","",,"",,
"4103508","","","",,"",,
"4103509","","","",,"",,
"4103512","","","",,"",,
"4103513","","","",,"",,
"4103514","","","",,"",,
"4103521","","","",,"",,
"4103522","","","",,"",,
"4103524","","","",,"",,
"4103527","","","",,"",,
"4103531","","","",,"",,
"4103533","","","",,"",,
"4103535","","","",,"",,
"4103536","","","",,"",,
"4103537","","","",,"",,
"4103538","","","",,"",,
"4103540","","","",,"",,
"4103543","","","",,"",,
"4103545","","","",,"",,
"4103548","","","",,"",,
"4103553","","","",,"",,
"4103555","","","",,"",,
"4103556","","","",,"",,
"4103559","","","",,"",,
"4103564","","","",,"",,
"4301247","","","",,"",,
"4301268","","","",,"",,
"4301643","","","",,"",,
"4303734","","","",,"",,
"4334059","34.7","73.46666667","",,"2000.0",,
"4334060","","","",,"",,
"4334061","","","",,"",,
"4334062","","","",,"",,
"4334441","","","",,"",,
"4334847","","","",,"",,
"4334849","","","",,"",,
"4335602","","","",,"",,
"4335611","","","",,"",,
"4335613","50.01666667","33.0","",,"2000.0",,
"4335614","49.83333333","35.61666667","",,"2000.0",,
"4335756","","","",,"",,
"4337964","41.5","80.0","",,"2000.0",,
"4337981","","","",,"",,
"4337982","","","",,"",,
"4337990","","","",,"",,
"4337991","","","",,"",,
"4337995","","","",,"",,
"4338351","","","",,"",,
"4338826","","","",,"",,
"4338829","","","",,"",,
"4338831","","","",,"",,
"4338833","","","",,"",,
"4338856","34.7","73.46666667","",,"2000.0",,
"4338869","34.15","73.85","",,"2000.0",,
"4338873","35.65","71.9","",,"2000.0",,
"4339405","","","",,"",,
"4339423","","","",,"",,
"4339425","","","",,"",,
"4341036","","","",,"",,
"4341048","","","",,"",,
"4341050","50.01666667","33.0","",,"2000.0",,
"4341055","","","",,"",,
"4341070","","","",,"",,
"4341072","","","",,"",,
"4341128","","","",,"",,
"4342252","","","",,"",,
"4342272","","","",,"",,
"4342312","50.75","33.5","",,"2000.0",,
"4344562","","","",,"",,
"4344572","50.75","33.5","",,"2000.0",,
"4344584","35.48333333","72.45","",,"2000.0",,
"4344593","50.1","35.15","",,"2000.0",,
"4344605","","","",,"",,
"4345083","","","",,"",,
"4345543","","","",,"",,
"4345559","38.62805556","48.7","",,"",,
"4345570","","","",,"",,
"4346314","","","",,"",,
"4346322","37.0","-89.0","",,"100000.0",,
"4346329","49.83333333","35.61666667","",,"2000.0",,
"4346340","","","",,"",,
"4346800","","","",,"",,
"4348040","","","",,"",,
"4348062","","","",,"",,
"4348093","","","",,"",,
"4348163","","","",,"",,
"4348177","","","",,"",,
"4349144","","","",,"",,
"4349149","","","",,"",,
"4349161","","","",,"",,
"4349165","","","",,"",,
"4349168","50.75","33.5","",,"2000.0",,
"4349173","","","",,"",,
"4349183","","","",,"",,
"4349187","35.61666667","72.66666667","",,"2000.0",,
"4349914","25.671417","100.030444","",,"",,
"4350030","","","",,"",,
"4350928","","","",,"",,
"4350930","35.68333333","71.65","",,"2000.0",,
"4350941","","","",,"",,
"4350958","","","",,"",,
"4350962","","","",,"",,
"4350964","35.56666667","72.58333333","",,"2000.0",,
"4350972","","","",,"",,
"4352709","34.75","73.53333333","",,"2000.0",,
"4353141","","","",,"",,
"4353152","","","",,"",,
"4354618","49.83333333","35.61666667","",,"2000.0",,
"4354619","","","",,"",,
"4354634","50.0","36.25","",,"2000.0",,
"4354650","","","",,"",,
"4354651","50.01666667","33.0","",,"2000.0",,
"4354654","","","",,"",,
"4354657","","","",,"",,
"4355209","","","",,"",,
"4355219","","","",,"",,
"4355656","","","",,"",,
"4355665","35.23333333","75.96666667","",,"2000.0",,
"4355681","","","",,"",,
"4355682","35.61666667","72.66666667","",,"2000.0",,
"4355684","","","",,"",,
"4355690","","","",,"",,
"4356379","","","",,"",,
"4357228","","","",,"",,
"4357245","35.56666667","72.58333333","",,"2000.0",,
"4358045","","","",,"",,
"4358049","40.87805556","48.06805556","",,"",,
"4358061","","","",,"",,
"4358088","","","",,"",,
"4358089","","","",,"",,
"4358930","35.6","72.65","",,"2000.0",,
"4358941","","","",,"",,
"4358947","","","",,"",,
"4359777","","","",,"",,
"4361387","","","",,"",,
"4361398","","","",,"",,
"4361413","","","",,"",,
"4361437","","","",,"",,
"4362090","35.0","-88.0","",,"100000.0",,
"4362606","","","",,"",,
"4362628","50.86666667","32.4","",,"2000.0",,
"4363166","34.96666667","127.58333333","",,"2000.0",,
"4363307","","","",,"",,
"4364441","","","",,"",,
"4364458","50.75","33.5","",,"2000.0",,
"4364465","","","",,"",,
"4365280","","","",,"",,
"4365311","","","",,"",,
"4365312","","","",,"",,
"4365631","","","",,"",,
"4365648","","","",,"",,
"4366959","","","",,"",,
"4367585","","","",,"",,
"4367597","","","",,"",,
"4367602","","","",,"",,
"4367615","49.78333333","33.28333333","",,"2000.0",,
"4367618","","","",,"",,
"4368069","50.01666667","33.0","",,"2000.0",,
"4368226","","","",,"",,
"4368227","","","",,"",,
"4369647","","","",,"",,
"4369676","","","",,"",,
"4369693","","","",,"",,
"4370062","","","",,"",,
"4370263","50.0","36.25","",,"2000.0",,
"4370646","","","",,"",,
"4370672","34.13333333","73.86666667","",,"2000.0",,
"4370679","","","",,"",,
"4371372","","","",,"",,
"4371416","","","",,"",,
"4372613","","","",,"",,
"4372614","","","",,"",,
"4372631","","","",,"",,
"4372636","","","",,"",,
"4372638","","","",,"",,
"4372649","","","",,"",,
"4374946","","","",,"",,
"4374948","","","",,"",,
"4374954","36.31666667","74.6","",,"2000.0",,
"4374957","41.5","80.0","",,"2000.0",,
"4376654","","","",,"",,
"4376659","","","",,"",,
"4376664","","","",,"",,
"4376687","","","",,"",,
"4376694","","","",,"",,
"4376695","","","",,"",,
"4377016","","","",,"",,
"4377787","40.945","47.68888889","",,"",,
"4377805","","","",,"",,
"4377808","","","",,"",,
"4377811","50.01666667","33.0","",,"2000.0",,
"4378679","","","",,"",,
"4379231","","","",,"",,
"4379244","","","",,"",,
"4379247","","","",,"",,
"4379254","34.0","-117.33333333","",,"100000.0",,
"4379257","","","",,"",,
"4379275","","","",,"",,
"4379867","","","",,"",,
"4380794","","","",,"",,
"4380810","49.38333333","33.28333333","",,"2000.0",,
"4380820","","","",,"",,
"4380833","","","",,"",,
"4381451","","","",,"",,
"4382062","","","",,"",,
"4383023","","","",,"",,
"4383029","","","",,"",,
"4383039","","","",,"",,
"4383047","","","",,"",,
"4383059","35.86666667","74.28333333","",,"2000.0",,
"4383061","","","",,"",,
"4383064","","","",,"",,
"4384122","35.73333333","72.7","",,"2000.0",,
"4384143","","","",,"",,
"4384158","","","",,"",,
"4384159","","","",,"",,
"4384651","50.86666667","32.4","",,"2000.0",,
"4385287","","","",,"",,
"4385956","","","",,"",,
"4385959","","","",,"",,
"4385963","","","",,"",,
"4385968","","","",,"",,
"4385979","","","",,"",,
"4386983","","","",,"",,
"4387249","50.86666667","32.4","",,"2000.0",,
"4387260","","","",,"",,
"4387270","40.87888889","48.10805556","",,"",,
"4387294","50.75","33.5","",,"2000.0",,
"4387961","","","",,"",,
"4387967","","","",,"",,
"4387975","","","",,"",,
"4388508","","","",,"",,
"4389169","","","",,"",,
"4389187","","","",,"",,
"4389210","","","",,"",,
"4389216","","","",,"",,
"4390776","","","",,"",,
"4390782","49.06666667","33.41666667","",,"2000.0",,
"4390791","","","",,"",,
"4390812","","","",,"",,
"4390976","","","",,"",,
"4390983","41.99938","45.71169","",,"",,
"4391651","","","",,"",,
"4392315","","","",,"",,
"4392850","50.1","35.15","",,"2000.0",,
"4392860","","","",,"",,
"4393998","50.01666667","33.0","",,"2000.0",,
"4394001","","","",,"",,
"4394011","49.06666667","33.41666667","",,"2000.0",,
"4394012","36.18333333","127.78333333","",,"2000.0",,
"4394036","","","",,"",,
"4394563","","","",,"",,
"4394579","","","",,"",,
"4395360","36.18333333","127.78333333","",,"2000.0",,
"4395386","","","",,"",,
"4395396","","","",,"",,
"4396228","50.46666667","34.98333333","",,"2000.0",,
"4396240","","","",,"",,
"4396254","","","",,"",,
"4396263","","","",,"",,
"4396265","","","",,"",,
"4396853","15.31138889","-90.25138889","",,"",,
"4397183","","","",,"",,
"4397189","","","",,"",,
"4397195","","","",,"",,
"4397203","50.86666667","32.4","",,"2000.0",,
"4397206","","","",,"",,
"4397217","","","",,"",,
"4397992","","","",,"",,
"4399535","50.46666667","34.98333333","",,"2000.0",,
"4399536","","","",,"",,
"4399557","","","",,"",,
"4399560","","","",,"",,
"4399629","","","",,"",,
"4400705","","","",,"",,
"4400729","","","",,"",,
"4400731","","","",,"",,
"4400735","41.5","80.0","",,"2000.0",,
"4401223","","","",,"",,
"4401227","","","",,"",,
"4401265","39.33918","-82.99843","",,"",,
"4401923","34.66666667","72.36666667","",,"2000.0",,
"4402799","49.71666667","35.16666667","",,"2000.0",,
"4402818","34.13333333","73.86666667","",,"2000.0",,
"4402819","","","",,"",,
"4402824","","","",,"",,
"4402827","35.6","72.65","",,"2000.0",,
"4402914","","","",,"",,
"4403438","","","",,"",,
"4403937","","","",,"",,
"4403940","","","",,"",,
"4403951","","","",,"",,
"4403953","25.671417","100.030444","",,"",,
"4403964","","","",,"",,
"4404523","","","",,"",,
"4405277","","","",,"",,
"4405289","","","",,"",,
"4405290","","","",,"",,
"4405294","","","",,"",,
"4405303","","","",,"",,
"4405315","","","",,"",,
"4406113","","","",,"",,
"4406128","","","",,"",,
"4406149","","","",,"",,
"4406152","","","",,"",,
"4407308","","","",,"",,
"4407316","","","",,"",,
"4407325","50.86666667","32.4","",,"2000.0",,
"4407328","","","",,"",,
"4407330","","","",,"",,
"4407331","","","",,"",,
"4407819","","","",,"",,
"4409357","","","",,"",,
"4409364","","","",,"",,
"4409373","","","",,"",,
"4409376","","","",,"",,
"4409392","","","",,"",,
"4409395","","","",,"",,
"4409946","","","",,"",,
"4410475","50.01666667","33.0","",,"2000.0",,
"4410476","","","",,"",,
"4410485","","","",,"",,
"4410497","","","",,"",,
"4410504","36.18333333","127.78333333","",,"2000.0",,
"4410515","","","",,"",,
"4411040","","","",,"",,
"4412650","","","",,"",,
"4412654","","","",,"",,
"4412656","33.71666667","73.08333333","",,"2000.0",,
"4412659","41.5","80.0","",,"2000.0",,
"4412661","49.06666667","33.41666667","",,"2000.0",,
"4412667","36.08333333","74.18333333","",,"2000.0",,
"4412673","","","",,"",,
"4412686","","","",,"",,
"4412699","","","",,"",,
"4413871","","","",,"",,
"4413892","35.71666667","72.68333333","",,"2000.0",,
"4413896","","","",,"",,
"4413899","","","",,"",,
"4413913","","","",,"",,
"4414287","37.68333333","127.9","",,"2000.0",,
"4414291","","","",,"",,
"4414327","","","",,"",,
"4414335","","","",,"",,
"4415027","","","",,"",,
"4415029","","","",,"",,
"4415856","47.95","32.53333333","",,"2000.0",,
"4415860","","","",,"",,
"4415864","","","",,"",,
"4415876","41.5","80.0","",,"2000.0",,
"4415885","","","",,"",,
"4415941","","","",,"",,
"4415950","","","",,"",,
"4416347","","","",,"",,
"4417034","50.75","33.5","",,"2000.0",,
"4417056","36.08333333","74.16666667","",,"2000.0",,
"4417061","","","",,"",,
"4418303","","","",,"",,
"4418311","34.11666667","73.88333333","",,"2000.0",,
"4418313","47.95","32.53333333","",,"2000.0",,
"4418341","34.15","73.85","",,"2000.0",,
"4419108","","","",,"",,
"4419544","38.77472","48.4025","",,"",,
"4419759","","","",,"",,
"4419764","","","",,"",,
"4420639","","","",,"",,
"4420646","","","",,"",,
"4420650","41.5","80.0","",,"2000.0",,
"4420664","","","",,"",,
"4420678","","","",,"",,
"4421442","40.93611111","47.68111111","",,"",,
"4422298","","","",,"",,
"4423517","36.8","127.15","",,"2000.0",,
"4423522","","","",,"",,
"4423524","","","",,"",,
"4423525","49.83333333","35.61666667","",,"2000.0",,
"4423526","36.08333333","74.16666667","",,"2000.0",,
"4423530","","","",,"",,
"4423547","40.69194444","48.44194444","",,"",,
"4423554","","","",,"",,
"4423987","","","",,"",,
"4424085","","","",,"",,
"4424671","","","",,"",,
"4425648","","","",,"",,
"4425654","","","",,"",,
"4425667","34.15","73.73333333","",,"2000.0",,
"4425677","49.21666667","33.11666667","",,"2000.0",,
"4425692","","","",,"",,
"4426176","","","",,"",,
"4426882","","","",,"",,
"4426889","","","",,"",,
"4426893","40.87888889","48.10805556","",,"",,
"4426898","","","",,"",,
"4426901","","","",,"",,
"4426902","","","",,"",,
"4426909","","","",,"",,
"4426918","","","",,"",,
"4427676","","","",,"",,
"4427714","","","",,"",,
"4428284","","","",,"",,
"4429330","","","",,"",,
"4430513","50.1","35.15","",,"2000.0",,
"4430530","49.95","35.95","",,"2000.0",,
"4430532","","","",,"",,
"4431856","","","",,"",,
"4431863","41.07111111","72.79166667","",,"",,
"4431865","35.41666667","74.11666667","",,"2000.0",,
"4431870","50.01666667","33.0","",,"2000.0",,
"4431876","50.01666667","33.0","",,"2000.0",,
"4432276","","","",,"",,
"4432408","","","",,"",,
"4432437","","","",,"",,
"4432956","","","",,"",,
"4432957","","","",,"",,
"4432964","","","",,"",,
"4432971","","","",,"",,
"4432979","","","",,"",,
"4432983","","","",,"",,
"4432984","49.78333333","33.28333333","",,"2000.0",,
"4432992","","","",,"",,
"4432996","50.01666667","33.0","",,"2000.0",,
"4433915","","","",,"",,
"4433921","","","",,"",,
"4433940","","","",,"",,
"4433941","","","",,"",,
"4434613","","","",,"",,
"4435449","49.71666667","35.16666667","",,"2000.0",,
"4435452","34.13333333","73.86666667","",,"2000.0",,
"4435470","","","",,"",,
"4435985","","","",,"",,
"4436761","","","",,"",,
"4436767","50.86666667","32.4","",,"2000.0",,
"4436793","36.26666667","73.56666667","",,"2000.0",,
"4436805","","","",,"",,
"4437078","50.1","35.15","",,"2000.0",,
"4437081","","","",,"",,
"4438121","","","",,"",,
"4438124","49.71666667","35.16666667","",,"2000.0",,
"4625192","","","1260.0",,"",,
"4871668","41.063889","20.480556","520.0",,"",,
"4871675","41.71","20.402222","640.0",,"",,
"4871677","41.061944","20.478333","420.0",,"",,
"4871692","41.709444","20.402222","630.0",,"",,
"4877419","41.6","46.5","540.0",,"",,
"4877420","41.6","46.5","540.0",,"",,
"4877421","41.6","46.5","540.0",,"",,
"4877422","41.6","46.5","540.0",,"",,
"4877423","41.6","46.5","540.0",,"",,
"4877424","41.6","46.5","540.0",,"",,
"4877425","41.6","46.5","540.0",,"",,
"4877426","41.6","46.5","540.0",,"",,
"4877427","41.6","46.5","540.0",,"",,
"4877428","41.6","46.5","540.0",,"",,
"4877429","41.6","46.5","540.0",,"",,
"4877430","41.6","46.5","540.0",,"",,
"4877431","41.6","46.5","540.0",,"",,
"4877432","41.6","46.5","540.0",,"",,
"4877433","41.6","46.5","540.0",,"",,
"4877434","41.6","46.5","540.0",,"",,
"4877435","41.6","46.5","540.0",,"",,
"4877436","41.6","46.5","540.0",,"",,
"4877437","41.6","46.5","540.0",,"",,
"4877438","41.6","46.5","540.0",,"",,
"4877439","41.6","46.5","540.0",,"",,
"4877440","41.6","46.5","540.0",,"",,
"4877441","41.6","46.5","540.0",,"",,
"4877442","41.6","46.5","540.0",,"",,
"4877443","41.6","46.5","540.0",,"",,
"4877444","41.6","46.5","540.0",,"",,
"4877445","41.6","46.5","540.0",,"",,
"4877447","41.6","46.5","540.0",,"",,
"4877448","41.6","46.5","540.0",,"",,
"4877449","41.6","46.5","540.0",,"",,
"4877450","41.6","46.5","540.0",,"",,
"4877451","41.6","46.5","540.0",,"",,
"4877452","41.6","46.5","540.0",,"",,
"4877453","41.6","46.5","540.0",,"",,
"4877454","41.6","46.5","540.0",,"",,
"4877455","41.6","46.5","540.0",,"",,
"4877456","41.6","46.5","540.0",,"",,
"4877457","41.6","46.5","540.0",,"",,
"4877458","41.6","46.5","540.0",,"",,
"4877459","41.6","46.5","540.0",,"",,
"4877460","41.6","46.5","540.0",,"",,
"4877461","41.6","46.5","540.0",,"",,
"4877462","41.6","46.5","540.0",,"",,
"4877463","41.6","46.5","540.0",,"",,
"4877464","41.6","46.5","540.0",,"",,
"4877466","41.6","46.5","540.0",,"",,
"4877467","41.6","46.5","540.0",,"",,
"4877468","41.6","46.5","540.0",,"",,
"4877805","41.6","46.5","540.0",,"",,
"4881717","38.7","48.716667","",,"",,
"5622127","","","",,"",,
"5622136","","","",,"",,
"5622138","","","",,"",,
"5622145","","","",,"",,
"5622149","","","",,"",,
"5622150","","","",,"",,
"5622164","","","",,"",,
"5622168","","","",,"",,
"5622442","","","",,"",,
"5622443","","","",,"",,
"5622444","","","",,"",,
"5622445","","","",,"",,
"5622446","","","",,"",,
"5622447","","","",,"",,
"5622448","","","",,"",,
"5622449","","","",,"",,
"5622450","","","",,"",,
"5622451","","","",,"",,
"5622452","","","",,"",,
"5622453","","","",,"",,
"5622454","","","",,"",,
"5622455","","","",,"",,
"5622456","","","",,"",,
"5622457","","","",,"",,
"5622458","","","",,"",,
"5622459","","","",,"",,
"5622460","","","",,"",,
"5622461","","","",,"",,
"5622462","","","",,"",,
"5622463","","","",,"",,
"5622465","","","",,"",,
"5622466","","","",,"",,
"5622467","","","",,"",,
"5622468","","","",,"",,
"5622469","","","",,"",,
"5622470","","","",,"",,
"5622471","","","",,"",,
"5622472","","","",,"",,
"5622473","","","",,"",,
"5622474","","","",,"",,
"5622475","","","",,"",,
"5622476","","","",,"",,
"5622477","","","",,"",,
"5622479","","","",,"",,
"5622480","","","",,"",,
"5622481","","","",,"",,
"5622482","","","",,"",,
"5622483","","","",,"",,
"5622484","","","",,"",,
"5622485","","","",,"",,
"5622486","","","",,"",,
"5622487","","","",,"",,
"5622488","","","",,"",,
"5622489","","","",,"",,
"5622490","","","",,"",,
"5622491","","","",,"",,
"5622492","","","",,"",,
"5622493","","","",,"",,
"5622494","","","",,"",,
"5622495","","","",,"",,
"5622497","","","",,"",,
"5622498","","","",,"",,
"5622500","","","",,"",,
"5622501","","","",,"",,
"5622506","","","",,"",,
"5622508","","","",,"",,
"5622511","","","",,"",,
"5622515","","","",,"",,
"5622524","","","",,"",,
"5622536","","","",,"",,
"5622537","","","",,"",,
"5622666","","","",,"",,
"5622667","","","",,"",,
"5622668","","","",,"",,
"5622669","","","",,"",,
"5622670","","","",,"",,
"5622671","","","",,"",,
"5622673","","","",,"",,
"5622674","","","",,"",,
"5622675","","","",,"",,
"5622676","","","",,"",,
"5622677","","","",,"",,
"5622678","","","",,"",,
"5622679","","","",,"",,
"5622680","","","",,"",,
"5622681","","","",,"",,
"5622682","","","",,"",,
"5622683","","","",,"",,
"5622684","","","",,"",,
"5622685","","","",,"",,
"5622686","","","",,"",,
"5622687","","","",,"",,
"5622688","","","",,"",,
"5622689","","","",,"",,
"5622690","","","",,"",,
"5622691","","","",,"",,
"5622692","","","",,"",,
"5622693","","","",,"",,
"5622694","","","",,"",,
"5622695","","","",,"",,
"5622696","","","",,"",,
"5622697","","","",,"",,
"5622698","","","",,"",,
"5622701","","","",,"",,
"5622702","","","",,"",,
"5622703","","","",,"",,
"5622704","","","",,"",,
"5622705","","","",,"",,
"5622706","","","",,"",,
"5622707","","","",,"",,
"5622708","","","",,"",,
"5622709","","","",,"",,
"5622710","","","",,"",,
"5622711","","","",,"",,
"5622712","","","",,"",,
"5622714","","","",,"",,
"5622715","","","",,"",,
"5663486","","","",,"",,
"5663492","","","",,"",,
"5663540","","","",,"",,
"5663543","","","",,"",,
"5663950","","","",,"",,
"5663953","","","",,"",,
"5663954","","","",,"",,
"5663955","","","",,"",,
"5663956","","","",,"",,
"5663957","","","",,"",,
"5663959","","","",,"",,
"5663960","","","",,"",,
"5663961","","","",,"",,
"5663962","","","",,"",,
"5663963","","","",,"",,
"5663968","","","",,"",,
"5663973","","","",,"",,
"5663974","","","",,"",,
"5663975","","","",,"",,
"5663977","","","",,"",,
"5663978","","","",,"",,
"5663979","","","",,"",,
"5663980","","","",,"",,
"5663981","","","",,"",,
"5663983","","","",,"",,
"5663984","","","",,"",,
"5663985","","","",,"",,
"5663986","","","",,"",,
"5663988","","","",,"",,
"5663989","","","",,"",,
"5663990","","","",,"",,
"5663993","","","",,"",,
"5663994","","","",,"",,
"5663999","","","",,"",,
"5664001","","","",,"",,
"5738018","","","",,"",,
"5738019","","","",,"",,
"5738020","","","",,"",,
"5738021","","","",,"",,
"5738022","","","",,"",,
"5738023","","","",,"",,
"5738024","","","",,"",,
"5738025","","","",,"",,
"5738026","","","",,"",,
"5738027","","","",,"",,
"5738028","","","",,"",,
"5738029","","","",,"",,
"5738030","","","",,"",,
"5738031","","","",,"",,
"5738032","","","",,"",,
"5738033","","","",,"",,
"5738034","","","",,"",,
"5738035","","","",,"",,
"5738036","","","",,"",,
"5738040","","","",,"",,
"5738045","","","",,"",,
"5738046","","","",,"",,
"6016773","","","3000.0",,"",,
"6016844","","","2233.0",,"",,
"6285445","41.2475","19.654444","219.0",,"",,
"6285478","40.395556","19.609444","204.0",,"",,
"6285626","41.233333","19.665556","220.0",,"",,
"6285659","40.395556","19.609444","204.0",,"",,
"6285660","40.395556","19.609444","204.0",,"",,
"6297519","","","",,"",,
"6297521","","","",,"",,
"6297524","","","",,"",,
"6297526","","","",,"",,
"6297528","","","",,"",,
"6297530","","","",,"",,
"6297531","","","",,"",,
"6297533","","","",,"",,
"6297535","","","",,"",,
"6297538","","","",,"",,
"6297540","","","",,"",,
"6297544","","","",,"",,
"6297545","","","",,"",,
"6297547","","","",,"",,
"6297549","","","",,"",,
"6297551","","","",,"",,
"6297553","","","",,"",,
"6297556","","","",,"",,
"6297557","","","",,"",,
"6297559","","","",,"",,
"6297562","","","",,"",,
"6297563","","","",,"",,
"6297565","","","",,"",,
"6297567","","","",,"",,
"6297570","","","",,"",,
"6297571","","","",,"",,
"6297574","","","",,"",,
"6297575","","","",,"",,
"6297577","","","",,"",,
"6297579","","","",,"",,
"6297582","","","",,"",,
"6297584","","","",,"",,
"6297586","","","",,"",,
"6297587","","","",,"",,
"6297589","","","",,"",,
"6297592","","","",,"",,
"6297593","","","",,"",,
"6297596","","","",,"",,
"6297598","","","",,"",,
"6297600","","","",,"",,
"6297602","","","",,"",,
"6297604","","","",,"",,
"6297605","","","",,"",,
"6297608","","","",,"",,
"6297609","","","",,"",,
"6297612","","","",,"",,
"6297613","","","",,"",,
"6297614","","","",,"",,
"6297615","","","",,"",,
"6297616","","","",,"",,
"6297859","","","",,"",,
"6297860","","","",,"",,
"6297861","","","",,"",,
"6297862","","","",,"",,
"6297863","","","",,"",,
"6297864","","","",,"",,
"6297865","","","",,"",,
"6297866","","","",,"",,
"6297867","","","",,"",,
"6297868","","","",,"",,
"6297869","","","",,"",,
"6297870","","","",,"",,
"6297871","","","",,"",,
"6297872","","","",,"",,
"6297873","","","",,"",,
"6297874","","","",,"",,
"6297875","","","",,"",,
"6297876","","","",,"",,
"6297877","","","",,"",,
"6297878","","","",,"",,
"6297879","","","",,"",,
"6297880","","","",,"",,
"6297881","","","",,"",,
"6297882","","","",,"",,
"6297883","","","",,"",,
"6297884","","","",,"",,
"6297885","","","",,"",,
"6297886","","","",,"",,
"6297887","","","",,"",,
"6297888","","","",,"",,
"6297889","","","",,"",,
"6297890","","","",,"",,
"6297891","","","",,"",,
"6297892","","","",,"",,
"6297893","","","",,"",,
"6297894","","","",,"",,
"6297895","","","",,"",,
"6297896","","","",,"",,
"6297897","","","",,"",,
"6297898","","","",,"",,
"6297899","","","",,"",,
"6297900","","","",,"",,
"6297901","","","",,"",,
"6297902","","","",,"",,
"6297903","","","",,"",,
"6297904","","","",,"",,
"6297905","","","",,"",,
"6297906","","","",,"",,
"6297907","","","",,"",,
"6297908","","","",,"",,
"6299292","","","",,"",,
"6299293","","","",,"",,
"6299294","","","",,"",,
"6299295","","","",,"",,
"6299296","","","",,"",,
"6299297","","","",,"",,
"6299298","","","",,"",,
"6299299","","","",,"",,
"6299300","","","",,"",,
"6299301","","","",,"",,
"6299302","","","",,"",,
"6299303","","","",,"",,
"6299304","","","",,"",,
"6299305","","","",,"",,
"6299306","","","",,"",,
"6299307","","","",,"",,
"6299308","","","",,"",,
"6299309","","","",,"",,
"6299310","","","",,"",,
"6299311","","","",,"",,
"6299312","","","",,"",,
"6299313","","","",,"",,
"6299314","","","",,"",,
"6299315","","","",,"",,
"6299316","","","",,"",,
"6299317","","","",,"",,
"6299318","","","",,"",,
"6299319","","","",,"",,
"6299320","","","",,"",,
"6299321","","","",,"",,
"6299322","","","",,"",,
"6299323","","","",,"",,
"6299324","","","",,"",,
"6299325","","","",,"",,
"6299326","","","",,"",,
"6299327","","","",,"",,
"6299328","","","",,"",,
"6299329","","","",,"",,
"6299330","","","",,"",,
"6299331","","","",,"",,
"6299332","","","",,"",,
"6299333","","","",,"",,
"6299334","","","",,"",,
"6299335","","","",,"",,
"6299336","","","",,"",,
"6299337","","","",,"",,
"6299338","","","",,"",,
"6299339","","","",,"",,
"6299340","","","",,"",,
"6299341","","","",,"",,
"6402726","","","",,"",,
"6402727","","","",,"",,
"6402728","","","",,"",,
"6429046","","","",,"",,
"6485336","","","1000.0",,"",,
"6618023","","","250.0",,"",,
"6624490","40.36666667","-83.06666667","",,"2000.0",,
"6624727","","","",,"",,
"6731715","","","",,"",,
"6788066","","","",,"",,
"6788067","","","",,"",,
"6788072","","","",,"",,
"6788081","","","",,"",,
"6788082","","","",,"",,
"6788084","","","",,"",,
"6788085","","","",,"",,
"6788086","","","",,"",,
"6875525","34.3401","-87.47094","",,"","NAD83",
"6875752","","","",,"",,
"6875754","","","",,"",,
"6879861","42.675231","-91.400461","",,"","NAD83",
"6894998","39.21003","-83.37839","",,"",,
"6896930","","","",,"",,
"6900730","35.576324","-99.743505","",,"","NAD83",
"6904261","","","",,"",,
"6904263","","","",,"",,
"6904496","","","",,"",,
"6904497","","","",,"",,
"6904498","","","",,"",,
"6904499","","","",,"",,
"6904500","","","",,"",,
"6904501","","","",,"",,
"6904502","","","",,"",,
"6904503","","","",,"",,
"6904504","","","",,"",,
"6904505","","","",,"",,
"6904506","","","",,"",,
"6904507","","","",,"",,
"6904508","","","",,"",,
"6904509","","","",,"",,
"6904510","","","",,"",,
"6904511","","","",,"",,
"6904512","","","",,"",,
"6904513","","","",,"",,
"6904514","","","",,"",,
"6904515","","","",,"",,
"6904516","","","",,"",,
"6904517","","","",,"",,
"6904518","","","",,"",,
"6904519","","","",,"",,
"6904520","","","",,"",,
"6904521","","","",,"",,
"6904522","","","",,"",,
"6904523","","","",,"",,
"6904524","","","",,"",,
"6904525","","","",,"",,
"6904526","","","",,"",,
"6904527","","","",,"",,
"6904528","","","",,"",,
"6904529","","","",,"",,
"6904530","","","",,"",,
"6904531","","","",,"",,
"6904532","","","",,"",,
"6904533","","","",,"",,
"6904534","","","",,"",,
"6904535","","","",,"",,
"6904536","","","",,"",,
"6904537","","","",,"",,
"6904538","","","",,"",,
"6904539","","","",,"",,
"6904540","","","",,"",,
"6904541","","","",,"",,
"6904542","","","",,"",,
"6904543","","","",,"",,
"6904544","","","",,"",,
"6904545","","","",,"",,
"6904546","","","",,"",,
"6904547","","","",,"",,
"6904548","","","",,"",,
"6904549","","","",,"",,
"6904550","","","",,"",,
"6904551","","","",,"",,
"6904552","","","",,"",,
"6904554","","","",,"",,
"6904556","","","",,"",,
"6904558","","","",,"",,
"6904560","","","",,"",,
"6904561","","","",,"",,
"6904563","","","",,"",,
"6904565","","","",,"",,
"6904568","","","",,"",,
"6904569","","","",,"",,
"6904571","","","",,"",,
"6904573","","","",,"",,
"6904575","","","",,"",,
"6904577","","","",,"",,
"6904579","","","",,"",,
"6904581","","","",,"",,
"6904583","","","",,"",,
"6904584","","","",,"",,
"6904585","","","",,"",,
"6904586","","","",,"",,
"6904587","","","",,"",,
"6904588","","","",,"",,
"6904590","","","",,"",,
"6912998","","","",,"",,
"6913001","","","",,"",,
"6913003","","","",,"",,
"6914479","","","",,"",,
"6921917","35.32347","-83.5197","",,"",,
"6921918","35.32295","-83.5193","",,"",,
"6921920","35.32268","-83.51895","",,"",,
"6921921","35.32333","-83.51914","",,"",,
"6921924","35.22856","-83.09285","",,"",,
"6921951","35.18903","-84.4907","",,"",,
"6922029","42.452003","143.358472","",,"",,
"6970863","","","",,"",,
"6970864","","","",,"",,
"6970865","","","",,"",,
"6970866","","","",,"",,
"6970867","","","",,"",,
"6970868","","","",,"",,
"6970870","","","",,"",,
"6970871","","","",,"",,
"6970872","","","",,"",,
"6970873","","","",,"",,
"6970874","","","",,"",,
"6970875","","","",,"",,
"6970876","","","",,"",,
"6970910","","","",,"",,
"6970912","","","",,"",,
"6970914","","","",,"",,
"6970916","","","",,"",,
"6970918","","","",,"",,
"6970920","","","",,"",,
"6970922","","","",,"",,
"6970924","","","",,"",,
"6983273","","","",,"",,
"6983274","","","",,"",,
"6983275","","","",,"",,
"6983276","","","",,"",,
"6983277","","","",,"",,
"6983278","","","",,"",,
"6983279","","","",,"",,
"6983280","","","",,"",,
"6983281","","","",,"",,
"6983282","","","",,"",,
"6983283","","","",,"",,
"6983284","","","",,"",,
"6983285","","","",,"",,
"6983286","","","",,"",,
"6983287","","","",,"",,
"6983288","","","",,"",,
"6983289","","","",,"",,
"6983290","","","",,"",,
"6983291","","","",,"",,
"6983391","","","",,"",,
"6983392","","","",,"",,
"6983393","","","",,"",,
"6983394","","","",,"",,
"6983395","","","",,"",,
"6983396","","","",,"",,
"6983397","","","",,"",,
"6983398","","","",,"",,
"6983399","","","",,"",,
"6983400","","","",,"",,
"6983401","","","",,"",,
"6983402","","","",,"",,
"6983403","","","",,"",,
"6983405","","","",,"",,
"6983406","","","",,"",,
"6983407","","","",,"",,
"6983408","","","",,"",,
"6983409","","","",,"",,
"6983410","","","",,"",,
"6983411","","","",,"",,
"6983412","","","",,"",,
"6983413","","","",,"",,
"6983414","","","",,"",,
"6983415","","","",,"",,
"6983416","","","",,"",,
"6983417","","","",,"",,
"6983418","","","",,"",,
"6983419","","","",,"",,
"6983420","","","",,"",,
"6983421","","","",,"",,
"6983422","","","",,"",,
"6983458","","","",,"",,
"6983459","","","",,"",,
"6983460","","","",,"",,
"6983461","","","",,"",,
"6983462","","","",,"",,
"6983463","","","",,"",,
"6983464","","","",,"",,
"6983465","","","",,"",,
"6983466","","","",,"",,
"6983484","","","",,"",,
"6983485","","","",,"",,
"6983486","","","",,"",,
"6983487","","","",,"",,
"6983488","","","",,"",,
"6983489","","","",,"",,
"6983490","","","",,"",,
"6983491","","","",,"",,
"6983492","","","",,"",,
"6983493","","","",,"",,
"6983494","","","",,"",,
"6983495","","","",,"",,
"6983496","","","",,"",,
"6983497","","","",,"",,
"6983498","","","",,"",,
"6983522","","","",,"",,
"6983523","","","",,"",,
"6983524","","","",,"",,
"6983525","","","",,"",,
"6983526","","","",,"",,
"6983527","","","",,"",,
"6983528","","","",,"",,
"6983529","","","",,"",,
"6983530","","","",,"",,
"6983531","","","",,"",,
"6983532","","","",,"",,
"6986914","","","",,"",,
"6987341","","","",,"",,
"6987474","","","",,"",,
"6987578","","","",,"",,
"6987754","","","",,"",,
"6987755","","","",,"",,
"6987756","","","",,"",,
"6987877","","","",,"",,
"6988049","","","",,"",,
"6988206","","","",,"",,
"6988208","","","",,"",,
"6988675","","","",,"",,
"6988676","","","",,"",,
"6990579","","","",,"",,
"6990580","","","",,"",,
"6991994","","","",,"",,
"6992149","","","",,"",,
"6992150","","","",,"",,
"6992252","","","",,"",,
"6992253","","","",,"",,
"6992421","","","",,"",,
"6992440","","","",,"",,
"6992555","","","",,"",,
"6992556","","","",,"",,
"6995245","","","",,"",,
"6995799","","","",,"",,
"6995982","","","",,"",,
"6996287","","","",,"",,
"6996288","","","",,"",,
"6996289","","","",,"",,
"6996290","","","",,"",,
"6996541","","","",,"",,
"6996542","","","",,"",,
"6996543","","","",,"",,
"6996544","","","",,"",,
"6996700","","","",,"",,
"6996701","","","",,"",,
"6996838","","","",,"",,
"6996839","","","",,"",,
"6996840","","","",,"",,
"6996841","","","",,"",,
"6997030","","","",,"",,
"6997031","","","",,"",,
"6997032","","","",,"",,
"6997356","","","",,"",,
"7067024","","","",,"",,
"7067025","","","",,"",,
"7067185","","","",,"",,
"7067213","","","",,"",,
"7067215","","","",,"",,
"7067261","","","",,"",,
"7067273","","","",,"",,
"7067317","","","",,"",,
"7067319","","","",,"",,
"7067323","","","",,"",,
"7068255","","","",,"",,
"7068256","","","",,"",,
"7068257","","","",,"",,
"7068258","","","",,"",,
"7068302","","","",,"",,
"7068303","","","",,"",,
"7068304","","","",,"",,
"7068305","","","",,"",,
"7068306","","","",,"",,
"7068307","","","",,"",,
"7068308","","","",,"",,
"7068309","","","",,"",,
"7068310","","","",,"",,
"7068311","","","",,"",,
"7068312","","","",,"",,
"7068313","","","",,"",,
"7068314","","","",,"",,
"7068315","","","",,"",,
"7068316","","","",,"",,
"7068317","","","",,"",,
"7068318","","","",,"",,
"7071239","","","",,"",,
"7071242","","","",,"",,
"7071388","","","",,"",,
"7071391","","","",,"",,
"7071393","","","",,"",,
"7071547","","","",,"",,
"7071549","","","",,"",,
"7071551","","","",,"",,
"7071561","","","",,"",,
"7071562","","","",,"",,
"7071563","","","",,"",,
"7071564","","","",,"",,
"7071567","","","",,"",,
"7071935","","","",,"",,
"7071937","","","",,"",,
"7071939","","","",,"",,
"7071940","","","",,"",,
"7071967","","","",,"",,
"7071971","","","",,"",,
"7072360","","","",,"",,
"7072361","","","",,"",,
"7084551","","","",,"",,
"7084558","","","",,"",,
"7084559","","","",,"",,
"7084980","","","",,"",,
"7085104","","","",,"",,
"7085105","","","",,"",,
"7085725","","","",,"",,
"7088567","","","",,"",,
"7088568","","","",,"",,
"7088582","","","",,"",,
"7088992","","","",,"",,
"7088993","","","",,"",,
"7088994","","","",,"",,
"7089682","","","",,"",,
"7191684","","","",,"",,
"7191685","","","",,"",,
"7191686","","","",,"",,
"7191687","","","",,"",,
"7191688","","","",,"",,
"7191689","","","",,"",,
"7191805","","","",,"",,
"7191806","","","",,"",,
"7194784","","","",,"",,
"7195827","","","",,"",,
"7195938","","","",,"",,
"7196186","","","",,"",,
"7196456","","","",,"",,
"7244987","","","",,"",,
"7244990","","","",,"",,
"7244994","","","",,"",,
"7245410","","","",,"",,
"7245558","","","",,"",,
"7245559","","","",,"",,
"7248337","","","",,"",,
"7249059","","","",,"",,
"7249115","","","",,"",,
"7249116","","","",,"",,
"7249117","","","",,"",,
"7249118","","","",,"",,
"7249119","","","",,"",,
"7249277","","","",,"",,
"7249278","","","",,"",,
"7249279","","","",,"",,
"7249715","","","",,"",,
"7249719","","","",,"",,
"7249720","","","",,"",,
"7249721","","","",,"",,
"7249722","","","",,"",,
"7250940","","","",,"",,
"7252181","","","",,"",,
"7252383","","","",,"",,
"7252403","","","",,"",,
"7252404","","","",,"",,
"7252405","","","",,"",,
"7252674","","","",,"",,
"7252701","","","",,"",,
"7252852","43.046111","19.857778","780.0",,"",,
"7252853","42.729722","19.798333","797.0",,"",,
"7252854","43.023611","19.734722","580.0",,"",,
"7252855","43.073611","19.777222","540.0",,"",,
"7252856","42.398056","18.899167","705.0",,"",,
"7252857","43.088056","19.7425","685.0",,"",,
"7252858","43.040833","19.796667","610.0",,"",,
"7252859","42.988333","19.524722","910.0",,"",,
"7288194","","","",,"",,
"7309041","","","",,"",,
"7315286","","","",,"",,
"7315299","","","",,"",,
"7315305","","","",,"",,
"7315309","","","",,"",,
"7315316","","","",,"",,
"7315422","","","",,"",,
"7315443","","","",,"",,
"7315469","","","",,"",,
"7315474","","","",,"",,
"7315477","","","",,"",,
"7315481","","","",,"",,
"7315485","","","",,"",,
"7315490","","","",,"",,
"7315493","","","",,"",,
"7324320","","","",,"",,
"7324321","","","",,"",,
"7324406","","","",,"",,
"7324407","","","",,"",,
"7324438","","","",,"",,
"7324439","","","",,"",,
"7324440","","","",,"",,
"7324441","","","",,"",,
