"UID","inst_short","taxon_name_accepted","acc_num","prov_type","lat_dd","long_dd","latlong_flag","latlong_det","latlong_uncertainty","geolocated_by","latlong_notes","all_locality","locality","municipality","county","state","country","latlong_country","assoc_sp","orig_source","lin_num","coll_name","coll_num","coll_year","num_indiv","germ_type","garden_loc","rec_as","notes","filename","submission_year","data_source","taxon_name","taxon_full_name_orig","taxon_full_name_concat","genus","species","infra_rank","infra_name","hybrid","cultivar","taxon_name_status","taxon_verif","inst_country","inst_lat","inst_long","inst_type","orig_prov_type","orig_acc_num","orig_num_indiv","orig_lat","orig_long","rl_category","ns_rank"
NA,"DawesArb","Juglans microcarpa","D2017-0031","W",37.2948,-98.9563,"","Given in original record",NA,NA,NA,"Alexander Ranch, 18.5 miles west of Medicine Lodge | Medicine Lodge | Barber County | KS | United States of America | Brenton Arboretum | TBREA 2017-131 |  | Roth, Stan | 2016 | 37.2948 | -98.9563 | ","Alexander Ranch, 18.5 miles west of Medicine Lodge","Medicine Lodge","Barber County","KS","United States of America","United States of America","Shallow valley/lowland with small perennial stream flow, fairly wide relatively shrub-free riparian areas and a few Celtis, UImus and other trees intermixed with the Juglans microcarpa. There is some grazing/browsing on these private ranchlands.","Brenton Arboretum","TBREA 2017-131","Roth, Stan",NA,2016,3,"Plant","Nursery","Seed",NA,"DawesArb","2023","ex_situ_BG_survey","Juglans microcarpa","Juglans microcarpa Berland.","Juglans microcarpa","Juglans","microcarpa",NA,NA,NA,NA,"Accepted","Not determined","United States",39.97846,-82.41623,"Botanic Garden","W","D2017-0031","3","37.2948","-98.9563","Least Concern","G5 (Secure)"
NA,"DawesArb","Juglans microcarpa","D2017-0032","W",37.436183,-99.78915,"","Given in original record",NA,NA,NA,"Couch Ranch, ca. 28km n. of Ashland | Ashland | Clark County | KS | United States of America | Brenton Arboretum | TBREA 2017-133 |  | Brunson, Ken | 2016 | 37.4362 | -99.7892 | ","Couch Ranch, ca. 28km n. of Ashland","Ashland","Clark County","KS","United States of America","United States of America","The tree is on the fringe of the floodplain of Simmons Creek north of Clark State Fishing Lake in northern Clark County, Kansas. It is a scattered tree savannah with other walnut trees, cottonwoods and elm.","Brenton Arboretum","TBREA 2017-133","Brunson, Ken",NA,2016,1,"Plant","Nursery","Seed",NA,"DawesArb","2023","ex_situ_BG_survey","Juglans microcarpa","Juglans microcarpa Berland.","Juglans microcarpa","Juglans","microcarpa",NA,NA,NA,NA,"Accepted","Not determined","United States",39.97846,-82.41623,"Botanic Garden","W","D2017-0032","1","37.436183","-99.78915","Least Concern","G5 (Secure)"
NA,"HuntingtonBG","Juglans major","109074","W",32.9098,-107.80291,"","Given in original record",NA,NA,NA,"Iron Creek Campground |  | Grant | New Mexico | US | USFS |  | SN | Tom Coleman | 2012 | 32.9098 | -107.8029 | ","Iron Creek Campground",NA,"Grant","New Mexico","US","United States of America",NA,"USFS",NA,"Tom Coleman","SN",2012,1,"Plant","25-N","Seed",NA,"HuntingtonBG","2023","ex_situ_BG_survey","Juglans major","Juglans major","Juglans major","Juglans","major",NA,NA,NA,NA,"Accepted",NA,"United States",34.12779,-118.10944,"Botanic Garden","W","109074","1","32.9098","-107.80291","Least Concern","G4 (Apparently Secure)"
NA,"HuntingtonBG","Juglans major","109075","W",33.17978,-108.20558,"","Given in original record",NA,NA,NA,"Grapevine Campground |  | Grant | New Mexico | US | USFS |  | SN | Tom Coleman | 2012 | 33.1798 | -108.2056 | ","Grapevine Campground",NA,"Grant","New Mexico","US","United States of America",NA,"USFS",NA,"Tom Coleman","SN",2012,5,"Plant","21-2, 21-3","Seed",NA,"HuntingtonBG","2023","ex_situ_BG_survey","Juglans major","Juglans major","Juglans major","Juglans","major",NA,NA,NA,NA,"Accepted",NA,"United States",34.12779,-118.10944,"Botanic Garden","W","109075","5","33.17978","-108.20558","Least Concern","G4 (Apparently Secure)"
NA,"HuntingtonBG","Juglans major","136541","W",30.45189,-98.98546,"","Given in original record",NA,NA,NA,"US 87, ca. 1.5 miles S of Cherry Spring |  | Gillespie | Texas | US | Tim Thibault, HBG Staff |  | 1800 | Thibault, Tim | 2019 | 30.4519 | -98.9855 | Limestone, top of creek drainage in association with Quercus fusiformis, Juniperus ashei, Celtis, Berberis, Forestiera, Vitis, Smilax, Muhlenbergia lindheimeri, Yucca, Sideroxylon lanuginosum, Diospyros texana.","US 87, ca. 1.5 miles S of Cherry Spring",NA,"Gillespie","Texas","US","United States of America",NA,"Tim Thibault, HBG Staff",NA,"Thibault, Tim","1800",2019,1,"Plant","25-N","Seed","Limestone, top of creek drainage in association with Quercus fusiformis, Juniperus ashei, Celtis, Berberis, Forestiera, Vitis, Smilax, Muhlenbergia lindheimeri, Yucca, Sideroxylon lanuginosum, Diospyros texana.","HuntingtonBG","2023","ex_situ_BG_survey","Juglans major","Juglans major","Juglans major","Juglans","major",NA,NA,NA,NA,"Accepted",NA,"United States",34.12779,-118.10944,"Botanic Garden","W","136541","1","30.45189","98.98546","Least Concern","G4 (Apparently Secure)"
NA,"HuntingtonBG","Juglans major","136542","W",30.29774,-98.99562,"","Given in original record",NA,NA,NA,"Hwy 290 at Honey Creek |  | Gillespie | Texas | US | Tim Thibault, HBG Staff |  | 1801 | Thibault, Tim | 2019 | 30.2977 | -98.9956 | Drainage above creek, gravelly limestone soil in association with Quercus, Carya, Ulmus, Yucca, Juniperus, Rhus, Tillandsia recurvata, Cooperia pedunculata.","Hwy 290 at Honey Creek",NA,"Gillespie","Texas","US","United States of America",NA,"Tim Thibault, HBG Staff",NA,"Thibault, Tim","1801",2019,1,"Plant","25-N","Seed","Drainage above creek, gravelly limestone soil in association with Quercus, Carya, Ulmus, Yucca, Juniperus, Rhus, Tillandsia recurvata, Cooperia pedunculata.","HuntingtonBG","2023","ex_situ_BG_survey","Juglans major","Juglans major","Juglans major","Juglans","major",NA,NA,NA,NA,"Accepted",NA,"United States",34.12779,-118.10944,"Botanic Garden","W","136542","1","30.29774","98.99562","Least Concern","G4 (Apparently Secure)"
NA,"HuntingtonBG","Juglans major","136552","W",29.89071,-99.701,"","Given in original record",NA,NA,NA,"Hwy 83 N of Leakey |  | Real | Texas | US | Tim Thibault, HBG Staff |  | 1815 | Thibault, Tim | 2019 | 29.8907 | -99.701 | Roadside drainage in association with Rhus, Vitis, Smilax, Quercus, Celtis.","Hwy 83 N of Leakey",NA,"Real","Texas","US","United States of America",NA,"Tim Thibault, HBG Staff",NA,"Thibault, Tim","1815",2019,1,"Plant","25-N","Seed","Roadside drainage in association with Rhus, Vitis, Smilax, Quercus, Celtis.","HuntingtonBG","2023","ex_situ_BG_survey","Juglans major","Juglans major","Juglans major","Juglans","major",NA,NA,NA,NA,"Accepted",NA,"United States",34.12779,-118.10944,"Botanic Garden","W","136552","1","29.89071","99.701","Least Concern","G4 (Apparently Secure)"
NA,"HuntingtonBG","Juglans major","136553","W",29.72014,-99.68801,"","Given in original record",NA,NA,NA,"Ranch Road 337 E of Leakey |  | Real | Texas | US | Tim Thibault, HBG Staff |  | 1816 | Thibault, Tim | 2019 | 29.7201 | -99.688 | Gravelly bench above road in association with Quercus, Juniperus, Rhus, Tillandsia.","Ranch Road 337 E of Leakey",NA,"Real","Texas","US","United States of America",NA,"Tim Thibault, HBG Staff",NA,"Thibault, Tim","1816",2019,11,"Plant","25-N","Seed","Gravelly bench above road in association with Quercus, Juniperus, Rhus, Tillandsia.","HuntingtonBG","2023","ex_situ_BG_survey","Juglans major","Juglans major","Juglans major","Juglans","major",NA,NA,NA,NA,"Accepted",NA,"United States",34.12779,-118.10944,"Botanic Garden","W","136553","11","29.72014","99.68801","Least Concern","G4 (Apparently Secure)"
NA,"HuntingtonBG","Juglans major","136557","W",31.43216,-111.18819,"","Given in original record",NA,NA,NA,"Sycamore Canyon trailhead, terminus of FS 4181 |  | Santa Cruz | Arizona | US | Tim Thibault, HBG Staff |  | 1826 | Thibault, Tim | 2019 | 31.4322 | -111.1882 | Flat gravelly bench above drainage in association with Quercus emoryi, Populus fremontii, Toxicodendron, grasses.","Sycamore Canyon trailhead, terminus of FS 4181",NA,"Santa Cruz","Arizona","US","United States of America",NA,"Tim Thibault, HBG Staff",NA,"Thibault, Tim","1826",2019,1,"Plant","25-N","Seed","Flat gravelly bench above drainage in association with Quercus emoryi, Populus fremontii, Toxicodendron, grasses.","HuntingtonBG","2023","ex_situ_BG_survey","Juglans major","Juglans major","Juglans major","Juglans","major",NA,NA,NA,NA,"Accepted",NA,"United States",34.12779,-118.10944,"Botanic Garden","W","136557","1","31.43216","111.18819","Least Concern","G4 (Apparently Secure)"
NA,"HuntingtonBG","Juglans major","136558","W",31.73034,-110.68956,"","Given in original record",NA,NA,NA,"Gardner Canyon, FS 92 just W of Coronado NF boundary |  | Santa Cruz | Arizona | US | Tim Thibault, HBG Staff |  | 1827 | Thibault, Tim | 2019 | 31.7303 | -110.6896 | Gentle-moderate S slope, gravelly sand in association with Prosopis, Chilopsis, Sapindus, Quercus emoryi, grasses.","Gardner Canyon, FS 92 just W of Coronado NF boundary",NA,"Santa Cruz","Arizona","US","United States of America",NA,"Tim Thibault, HBG Staff",NA,"Thibault, Tim","1827",2019,1,"Plant","25-N","Seed","Gentle-moderate S slope, gravelly sand in association with Prosopis, Chilopsis, Sapindus, Quercus emoryi, grasses.","HuntingtonBG","2023","ex_situ_BG_survey","Juglans major","Juglans major","Juglans major","Juglans","major",NA,NA,NA,NA,"Accepted",NA,"United States",34.12779,-118.10944,"Botanic Garden","W","136558","1","31.73034","110.68956","Least Concern","G4 (Apparently Secure)"
NA,"HuntingtonBG","Juglans major","136561","W",32.92637,-108.21176,"","Given in original record",NA,NA,NA,"NM 15 N of McMillen Campground |  | Grant | New Mexico | US | Tim Thibault, HBG Staff |  | 1830 | Thibault, Tim | 2019 | 32.9264 | -108.2118 | Rocky E slope between highway and creek in association with Acer negundo, Alnus, Pinus.","NM 15 N of McMillen Campground",NA,"Grant","New Mexico","US","United States of America",NA,"Tim Thibault, HBG Staff",NA,"Thibault, Tim","1830",2019,1,"Plant","25-N","Seed","Rocky E slope between highway and creek in association with Acer negundo, Alnus, Pinus.","HuntingtonBG","2023","ex_situ_BG_survey","Juglans major","Juglans major","Juglans major","Juglans","major",NA,NA,NA,NA,"Accepted",NA,"United States",34.12779,-118.10944,"Botanic Garden","W","136561","1","32.92637","108.21176","Least Concern","G4 (Apparently Secure)"
NA,"HuntingtonBG","Juglans major","136562","W",32.89029,-107.84307,"","Given in original record",NA,NA,NA,"Top of steep slope on Hwy 152 at Galinas Canyon |  | Grant | New Mexico | US | Tim Thibault, HBG Staff |  | 1831 | Thibault, Tim | 2019 | 32.8903 | -107.8431 | Rocky SE slope in association with Ailanthus, Pinus monophylla, Juniperus, Quercus grisea, Fallugia, Cercocarpus.","Top of steep slope on Hwy 152 at Galinas Canyon",NA,"Grant","New Mexico","US","United States of America",NA,"Tim Thibault, HBG Staff",NA,"Thibault, Tim","1831",2019,1,"Plant","25-N","Seed","Rocky SE slope in association with Ailanthus, Pinus monophylla, Juniperus, Quercus grisea, Fallugia, Cercocarpus.","HuntingtonBG","2023","ex_situ_BG_survey","Juglans major","Juglans major","Juglans major","Juglans","major",NA,NA,NA,NA,"Accepted",NA,"United States",34.12779,-118.10944,"Botanic Garden","W","136562","1","32.89029","107.84307","Least Concern","G4 (Apparently Secure)"
NA,"ArbWespelaar","Juglans californica","21155","H",NA,NA,"","N/A (horticultural)",NA,NA,NA," |  |  |  |  | sd from tree in Flora, KAln, Germany |  |  |  |  |  |  | ",NA,NA,NA,NA,NA,"",NA,"sd from tree in Flora, KAln, Germany",NA,NA,NA,NA,1,"plant","Garden Grounds",NA,NA,"ArbWespelaar","2023","ex_situ_BG_survey","Juglans californica","Juglans californica","Juglans","Juglans","californica",NA,NA,NA,NA,"Accepted",NA,"Belgium",50.9596,4.6375,"Botanic Garden","G","21155","1",NA,NA,"Near Threatened","G3 (Vulerable)"
NA,"ArbWespelaar","Juglans major","11204","H",NA,NA,"","N/A (horticultural)",NA,NA,NA," |  |  |  |  | sd Arnold 10968-A -big Tr., (mixed with many other Juglans) |  |  |  |  |  |  | ",NA,NA,NA,NA,NA,"",NA,"sd Arnold 10968-A -big Tr., (mixed with many other Juglans)",NA,NA,NA,NA,1,"plant","Garden Grounds",NA,NA,"ArbWespelaar","2023","ex_situ_BG_survey","Juglans major","Juglans major","Juglans","Juglans","major",NA,NA,NA,NA,"Accepted",NA,"Belgium",50.9596,4.6375,"Botanic Garden","G","11204","1",NA,NA,"Least Concern","G4 (Apparently Secure)"
NA,"ArbWespelaar","Juglans microcarpa","11070","W",NA,NA,"",NA,NA,NA,NA,"Highway 118 Fort Davis to Kent, 1600m | Jeff Davis |  | TX | US | wld collected by Dirk Benoit in Texas, nr 0633J1 collected as seed on 041004 |  |  |  |  |  |  | ","Highway 118 Fort Davis to Kent, 1600m","Jeff Davis",NA,"TX","US","",NA,"wld collected by Dirk Benoit in Texas, nr 0633J1 collected as seed on 041004",NA,NA,NA,NA,1,"plant","Garden Grounds",NA,NA,"ArbWespelaar","2023","ex_situ_BG_survey","Juglans microcarpa","Juglans microcarpa","Juglans","Juglans","microcarpa",NA,NA,NA,NA,"Accepted",NA,"Belgium",50.9596,4.6375,"Botanic Garden","W","11070","1",NA,NA,"Least Concern","G5 (Secure)"
NA,"ArbWespelaar","Juglans microcarpa","11206","W",NA,NA,"",NA,NA,NA,NA,"Highway 118 Fort Davis to Kent, 1600m | Jeff Davis |  | TX | US | wld collected by Dirk Benoit in Texas, nr 0633J1 collected as seed on 041005 |  |  |  |  |  |  | ","Highway 118 Fort Davis to Kent, 1600m","Jeff Davis",NA,"TX","US","",NA,"wld collected by Dirk Benoit in Texas, nr 0633J1 collected as seed on 041005",NA,NA,NA,NA,1,"plant","Garden Grounds",NA,NA,"ArbWespelaar","2023","ex_situ_BG_survey","Juglans microcarpa","Juglans microcarpa","Juglans","Juglans","microcarpa",NA,NA,NA,NA,"Accepted",NA,"Belgium",50.9596,4.6375,"Botanic Garden","W","11206","1",NA,NA,"Least Concern","G5 (Secure)"
NA,"ArbWespelaar","Juglans microcarpa","91423","H",NA,NA,"","N/A (horticultural)",NA,NA,NA," |  |  |  |  | Nursery Waasland |  |  |  |  |  |  | ",NA,NA,NA,NA,NA,"",NA,"Nursery Waasland",NA,NA,NA,NA,1,"plant","Garden Grounds",NA,NA,"ArbWespelaar","2023","ex_situ_BG_survey","Juglans microcarpa","Juglans microcarpa","Juglans","Juglans","microcarpa",NA,NA,NA,NA,"Accepted",NA,"Belgium",50.9596,4.6375,"Botanic Garden","G","91423","1",NA,NA,"Least Concern","G5 (Secure)"
NA,"HuntingtonBG","Juglans californica","125398","H",NA,NA,"","N/A (horticultural)",NA,NA,NA," |  |  |  |  | Tree of Life Nu |  |  |  |  |  |  | ",NA,NA,NA,NA,NA,"",NA,"Tree of Life Nu",NA,NA,NA,NA,2,"Plant","3-NW, 6-19","Plant",NA,"HuntingtonBG","2023","ex_situ_BG_survey","Juglans californica","Juglans californica","Juglans californica","Juglans","californica",NA,NA,NA,NA,"Accepted",NA,"United States",34.12779,-118.10944,"Botanic Garden","G","125398","2",NA,NA,"Near Threatened","G3 (Vulerable)"
NA,"HuntingtonBG","Juglans hindsii","2649","NG",NA,NA,"",NA,NA,NA,NA," |  |  |  |  | unknown |  |  |  |  |  |  | ",NA,NA,NA,NA,NA,"",NA,"unknown",NA,NA,NA,NA,1,"Plant","10","Unknown",NA,"HuntingtonBG","2023","ex_situ_BG_survey","Juglans hindsii","Juglans hindsii","Juglans hindsii","Juglans","hindsii",NA,NA,NA,NA,"Accepted",NA,"United States",34.12779,-118.10944,"Botanic Garden",NA,"2649","1",NA,NA,"Least Concern","G5 (Secure)"
NA,"HuntingtonBG","Juglans hindsii","136949","NG",NA,NA,"",NA,NA,NA,NA," |  |  |  |  | Conflower |  |  |  |  |  |  | ",NA,NA,NA,NA,NA,"",NA,"Conflower",NA,NA,NA,NA,150,"Plant","25-N","Plant",NA,"HuntingtonBG","2023","ex_situ_BG_survey","Juglans hindsii","Juglans hindsii","Juglans hindsii","Juglans","hindsii",NA,NA,NA,NA,"Accepted",NA,"United States",34.12779,-118.10944,"Botanic Garden",NA,"136949","150",NA,NA,"Least Concern","G5 (Secure)"
NA,"HuntingtonBG","Juglans microcarpa","118441","H",NA,NA,"","N/A (horticultural)",NA,NA,NA," |  |  |  |  | Woodlanders, Inc. |  |  |  |  |  |  | ",NA,NA,NA,NA,NA,"",NA,"Woodlanders, Inc.",NA,NA,NA,NA,1,"Plant","12-E1XX","Plant",NA,"HuntingtonBG","2023","ex_situ_BG_survey","Juglans microcarpa","Juglans microcarpa","Juglans microcarpa","Juglans","microcarpa",NA,NA,NA,NA,"Accepted",NA,"United States",34.12779,-118.10944,"Botanic Garden","G","118441","1",NA,NA,"Least Concern","G5 (Secure)"
NA,"MortonArb","Juglans microcarpa","511-81","W",NA,NA,"",NA,NA,NA,NA,"7 mi east of Coldwater |  | Comanche | Kansas | United States of America | MORTON-STAFF |  | 1453 | Hedborn Jr, EA; Schulenberg, RF | 1981 |  |  | ","7 mi east of Coldwater",NA,"Comanche","Kansas","United States of America","",NA,"MORTON-STAFF",NA,"Hedborn Jr, EA; Schulenberg, RF","1453",1981,9,"Plant","Garden Grounds","seed",NA,"MortonArb","2023","ex_situ_BG_survey","Juglans microcarpa","Juglans microcarpa Berland.","Juglans microcarpa","Juglans","microcarpa",NA,NA,NA,NA,"Accepted",NA,"United States",41.80782,-88.07614,"Botanic Garden","w","511-81","9",NA,NA,"Least Concern","G5 (Secure)"
NA,"MortonArb","Juglans microcarpa","373-69","W",NA,NA,"",NA,NA,NA,NA,"from Quartz Mountain State Park |  | Greer | Oklahoma | United States of America | MORTON-STAFF |  |  | Ware, GH |  |  |  | ","from Quartz Mountain State Park",NA,"Greer","Oklahoma","United States of America","",NA,"MORTON-STAFF",NA,"Ware, GH",NA,NA,1,"Plant","Garden Grounds","seed",NA,"MortonArb","2023","ex_situ_BG_survey","Juglans microcarpa","Juglans microcarpa Berland.","Juglans microcarpa","Juglans","microcarpa",NA,NA,NA,NA,"Accepted",NA,"United States",41.80782,-88.07614,"Botanic Garden","w","373-69","1",NA,NA,"Least Concern","G5 (Secure)"
"Genesys-3416644","UKR030","Juglans hindsii","UN7500093","NG",NA,NA,"",NA,NA,NA,NA,"California |  |  |  | USA | 40 |  | 02184 |  |  |  |  | ","California",NA,NA,NA,"USA","",NA,"40",NA,NA,"02184",NA,1,"20",NA,NA,NA,NA,NA,"Genesys","Juglans hindsii","Juglans hindsii (Jeps.) Jeps.","Juglans hindsii","Juglans","hindsii",NA,NA,NA,NA,"Accepted",NA,NA,NA,NA,"Gene/Seed Bank",NA,"UN7500093","Unknown",NA,NA,"Least Concern","G5 (Secure)"
"Genesys-3914301","UKR008","Juglans microcarpa","UN7500241","W",NA,NA,"",NA,NA,NA,NA," |  |  |  |  |  |  | 00174 |  | 1958 |  |  | ",NA,NA,NA,NA,NA,"",NA,NA,NA,NA,"00174",1958,1,"99",NA,NA,NA,NA,NA,"Genesys","Juglans rupestris","Juglans rupestris Engelm.","Juglans rupestris","Juglans","rupestris",NA,NA,NA,NA,"Synonym",NA,NA,NA,NA,"Gene/Seed Bank","110","UN7500241","Unknown",NA,NA,"Least Concern","G5 (Secure)"
"Genesys-2967884","BGR001","Juglans microcarpa","1984-JUG-MI-1","NG",NA,NA,"",NA,NA,NA,NA,NA,NA,NA,NA,NA,NA,"",NA,NA,NA,NA,NA,NA,1,"12",NA,NA,NA,NA,NA,"Genesys","Juglans microcarpa","Juglans microcarpa (J. rupestris)","Juglans microcarpa","Juglans","microcarpa",NA,NA,NA,NA,"Accepted",NA,NA,NA,NA,"Gene/Seed Bank",NA,"1984-JUG-MI-1","Unknown",NA,NA,"Least Concern","G5 (Secure)"
"Genesys-2967885","BGR001","Juglans hindsii","1984-JUG-HI-1","NG",NA,NA,"",NA,NA,NA,NA,NA,NA,NA,NA,NA,NA,"",NA,NA,NA,NA,NA,NA,1,"12",NA,NA,NA,NA,NA,"Genesys","Juglans hindsii","Juglans hindsii","Juglans hindsii","Juglans","hindsii",NA,NA,NA,NA,"Accepted",NA,NA,NA,NA,"Gene/Seed Bank",NA,"1984-JUG-HI-1","Unknown",NA,NA,"Least Concern","G5 (Secure)"
"Genesys-2967887","BGR001","Juglans major","1984-JUG-MA-1","NG",NA,NA,"",NA,NA,NA,NA,NA,NA,NA,NA,NA,NA,"",NA,NA,NA,NA,NA,NA,1,"12",NA,NA,NA,NA,NA,"Genesys","Juglans major","Juglans major","Juglans major","Juglans","major",NA,NA,NA,NA,"Accepted",NA,NA,NA,NA,"Gene/Seed Bank",NA,"1984-JUG-MA-1","Unknown",NA,NA,"Least Concern","G4 (Apparently Secure)"
NA,"BGR001","Juglans microcarpa","1984-JUG-MI-1","U",NA,NA,"",NA,NA,NA,NA,NA,NA,NA,NA,NA,"","",NA,"",NA,NA,NA,NA,1,"12) Seed medium-term",NA,NA,"",NA,NA,"FAO-WIEWS","Juglans microcarpa","Juglans microcarpa","Juglans microcarpa","Juglans","microcarpa",NA,NA,NA,NA,"Accepted",NA,NA,NA,NA,"Gene/Seed Bank","Unknown","1984-JUG-MI-1","Unknown",NA,NA,"Least Concern","G5 (Secure)"
NA,"BGR001","Juglans major","1984-JUG-MA-1","U",NA,NA,"",NA,NA,NA,NA,NA,NA,NA,NA,NA,"","",NA,"",NA,NA,NA,NA,1,"12) Seed medium-term",NA,NA,"",NA,NA,"FAO-WIEWS","Juglans major","Juglans major","Juglans major","Juglans","major",NA,NA,NA,NA,"Accepted",NA,NA,NA,NA,"Gene/Seed Bank","Unknown","1984-JUG-MA-1","Unknown",NA,NA,"Least Concern","G4 (Apparently Secure)"
NA,"BGR001","Juglans hindsii","1984-JUG-HI-1","U",NA,NA,"",NA,NA,NA,NA,NA,NA,NA,NA,NA,"","",NA,"",NA,NA,NA,NA,1,"12) Seed medium-term",NA,NA,"",NA,NA,"FAO-WIEWS","Juglans hindsii","Juglans hindsii","Juglans hindsii","Juglans","hindsii",NA,NA,NA,NA,"Accepted",NA,NA,NA,NA,"Gene/Seed Bank","Unknown","1984-JUG-HI-1","Unknown",NA,NA,"Least Concern","G5 (Secure)"
NA,"UKR030","Juglans hindsii","UN7500093","U",NA,NA,"",NA,NA,NA,NA," |  |  |  | USA | 40) Institute, Experimental station, Research organization, Genebank |  |  |  |  |  |  | ",NA,NA,NA,NA,"USA","",NA,"40) Institute, Experimental station, Research organization, Genebank",NA,NA,NA,NA,1,"20) Field collection",NA,NA,"",NA,NA,"FAO-WIEWS","Juglans hindsii","Juglans hindsii","Juglans hindsii","Juglans","hindsii",NA,NA,NA,NA,"Accepted",NA,NA,NA,NA,"Gene/Seed Bank","Unknown","UN7500093","Unknown",NA,NA,"Least Concern","G5 (Secure)"
NA,"UKR008","Juglans microcarpa","UN7500241","W",NA,NA,"",NA,NA,NA,NA,NA,NA,NA,NA,NA,"","",NA,"",NA,NA,NA,NA,1,"",NA,NA,"",NA,NA,"FAO-WIEWS","Juglans rupestris","Juglans rupestris","Juglans rupestris","Juglans","rupestris",NA,NA,NA,NA,"Synonym",NA,NA,NA,NA,"Gene/Seed Bank","100) Wild","UN7500241","Unknown",NA,NA,"Least Concern","G5 (Secure)"
NA,"KGZ034","Juglans microcarpa","No 1-203","W",NA,NA,"",NA,NA,NA,NA," |  |  |  |  | 10) Wild habitat |  |  |  |  |  |  | ",NA,NA,NA,NA,"","",NA,"10) Wild habitat",NA,NA,NA,NA,1,"20) Field collection",NA,NA,"",NA,NA,"FAO-WIEWS","Juglans microcarpa","Juglans microcarpa Berland.","Juglans microcarpa","Juglans","microcarpa",NA,NA,NA,NA,"Accepted",NA,NA,NA,NA,"Gene/Seed Bank","100) Wild","No 1-203","Unknown",NA,NA,"Least Concern","G5 (Secure)"
