taxon_full_name,genus,species,infra_rank,infra_name,hybrid,cultivar,prov_type,orig_lat,orig_long,country,state,county,municipality,locality,assoc_sp,acc_num,lin_num,orig_source,rec_as,num_indiv,germ_type,garden_loc,coll_num,coll_name,coll_year,taxon_verif,notes,
Asimina triloba,ASIMINA,triloba,,,, ,W,36.55358,-87.30697,US,Tennessee,Montgomery,,"Dunbar Cave State Park, Loop Trail",,106427,106427,HNT Staff Expedition to SE USA,Seed,111,Seed, ,2710,Michael Denslow,2011,,"Associated genera include: Platanus, Acer, Liriodendron, Quercus, Tilia, Cercis, Juniperus, Parthenocissus & Aralia.  Collected under Scientific Study Permit 2011-022.",
Asimina triloba 'Mango',ASIMINA,triloba,,,,Mango,G,,, , , ,, ,,140852,140852,Stark Bro's,Plant,1,Plant, , , , ,, ,
Asimina triloba 'NC-1',ASIMINA,triloba,,,,NC-1,G,,, , , ,, ,,140853,140853,Stark Bro's,Plant,1,Plant, , , , ,, ,
Asimina triloba 'Overleese',ASIMINA,triloba,,,,Overleese,G,,, , , ,, ,,106176,106176,Monterey Bay Nur,Plant,1,Plant, , , , ,, ,
Asimina triloba 'Sunflower',ASIMINA,triloba,,,,Sunflower,G,,, , , ,, ,,106177,106177,Monterey Bay Nur,Plant,1,Plant, , , , ,, ,
Carya illinoiensis,CARYA,illinoiensis,,,, , ,,, , , ,, ,,1991,1991,unknown,Unknown,5,Plant,"12-E7, 20, 21-4", , , ,, ,
Carya myristiciformis,CARYA,myristiciformis,,,, ,W,32.25051,86.08931,US,Alabama,Montgomery,,"Pike Road, AL.",,134943,134943, ,Seed,9,Plant,25-N, ,Roger Birkhead,2018,,Hardwood forest in floodplain of intermittent creek on heavy clay soil.,
Diospyros texana,DIOSPYROS,texana,,,, , ,,, , , ,, ,,65893,65893,Saratoga Hortic,Plant,1,Plant,21-4, , , ,, ,
Diospyros texana,DIOSPYROS,texana,,,, ,W,29.54023,99.60587,US,Texas,Uvalde,,"Little Blanco Creek, base of Grape Hollow on Gesundheit Ranch",,136548,136548,"Tim Thibault, HBG Staff",Seed,101,Seed, ,1809,"Thibault, Tim",2019,,"Gravelly to rocky limestone derived soil in association with Quercus spp., Platanus, Aesculus pavia var. flavescens, Juglans major, Juniperus ashei, Sophora secundflora, Berberis, Lycium, Asclepias, Clematis, Opuntia, Euphorbia.",
Diospyros virginiana,DIOSPYROS,virginiana,,,, , ,,, , , ,, ,,2320,2320,unknown,Unknown,1,Plant,14-Jun, , , ,, ,
Diospyros virginiana,DIOSPYROS,virginiana,,,, , ,,, , , ,, ,,128598,128598,Heritage Seedlings,Plant,1,Plant,25-N, , , ,, ,
Juglans californica,JUGLANS,californica,,,, ,G,,, , , ,, ,,125398,125398,Tree of Life Nu,Plant,2,Plant,"3-NW, 6-19", , , ,, ,
Juglans hindsii,JUGLANS,hindsii,,,, , ,,, , , ,, ,,2649,2649,unknown,Unknown,1,Plant,10, , , ,, ,
Juglans hindsii,JUGLANS,hindsii,,,, , ,,, , , ,, ,,136949,136949,Conflower,Plant,150,Plant,25-N, , , ,, ,
Juglans major,JUGLANS,major,,,, ,W,32.9098,-107.80291,US,New Mexico,Grant,,Iron Creek Campground,,109074,109074,USFS,Seed,1,Plant,25-N,SN,Tom Coleman,2012,, ,
Juglans major,JUGLANS,major,,,, ,W,33.17978,-108.20558,US,New Mexico,Grant,,Grapevine Campground,,109075,109075,USFS,Seed,5,Plant,"21-2, 21-3",SN,Tom Coleman,2012,, ,
Juglans major,JUGLANS,major,,,, ,W,30.45189,98.98546,US,Texas,Gillespie,,"US 87, ca. 1.5 miles S of Cherry Spring",,136541,136541,"Tim Thibault, HBG Staff",Seed,1,Plant,25-N,1800,"Thibault, Tim",2019,,"Limestone, top of creek drainage in association with Quercus fusiformis, Juniperus ashei, Celtis,  Berberis, Forestiera,  Vitis, Smilax, Muhlenbergia lindheimeri, Yucca, Sideroxylon lanuginosum, Diospyros texana.",
Juglans major,JUGLANS,major,,,, ,W,30.29774,98.99562,US,Texas,Gillespie,,Hwy 290 at Honey Creek,,136542,136542,"Tim Thibault, HBG Staff",Seed,1,Plant,25-N,1801,"Thibault, Tim",2019,,"Drainage above creek, gravelly limestone soil in association with Quercus, Carya, Ulmus, Yucca, Juniperus, Rhus, Tillandsia recurvata, Cooperia pedunculata.",
Juglans major,JUGLANS,major,,,, ,W,29.89071,99.701,US,Texas,Real,,Hwy 83 N of Leakey,,136552,136552,"Tim Thibault, HBG Staff",Seed,1,Plant,25-N,1815,"Thibault, Tim",2019,,"Roadside drainage in association with Rhus, Vitis, Smilax, Quercus, Celtis.",
Juglans major,JUGLANS,major,,,, ,W,29.72014,99.68801,US,Texas,Real,,Ranch Road 337 E of Leakey,,136553,136553,"Tim Thibault, HBG Staff",Seed,11,Plant,25-N,1816,"Thibault, Tim",2019,,"Gravelly bench above road in association with Quercus, Juniperus, Rhus, Tillandsia.",
Juglans major,JUGLANS,major,,,, ,W,31.43216,111.18819,US,Arizona,Santa Cruz,,"Sycamore Canyon trailhead, terminus of FS 4181",,136557,136557,"Tim Thibault, HBG Staff",Seed,1,Plant,25-N,1826,"Thibault, Tim",2019,,"Flat gravelly bench above drainage in association with Quercus emoryi, Populus fremontii, Toxicodendron, grasses.",
Juglans major,JUGLANS,major,,,, ,W,31.73034,110.68956,US,Arizona,Santa Cruz,,"Gardner Canyon, FS 92 just W of Coronado NF boundary",,136558,136558,"Tim Thibault, HBG Staff",Seed,1,Plant,25-N,1827,"Thibault, Tim",2019,,"Gentle-moderate S slope, gravelly sand in association with Prosopis, Chilopsis, Sapindus, Quercus emoryi, grasses.",
Juglans major,JUGLANS,major,,,, ,W,32.92637,108.21176,US,New Mexico,Grant,,NM 15 N of McMillen Campground,,136561,136561,"Tim Thibault, HBG Staff",Seed,1,Plant,25-N,1830,"Thibault, Tim",2019,,"Rocky E slope between highway and creek in association with Acer negundo, Alnus, Pinus.",
Juglans major,JUGLANS,major,,,, ,W,32.89029,107.84307,US,New Mexico,Grant,,Top of steep slope on Hwy 152 at Galinas Canyon,,136562,136562,"Tim Thibault, HBG Staff",Seed,1,Plant,25-N,1831,"Thibault, Tim",2019,,"Rocky SE slope in association with Ailanthus, Pinus monophylla, Juniperus, Quercus grisea, Fallugia, Cercocarpus.",
Juglans microcarpa,JUGLANS,microcarpa,,,, ,G,,, , , ,, ,,118441,118441,"Woodlanders, Inc.",Plant,1,Plant,12-E1XX, , , ,, ,
Juglans nigra,JUGLANS,nigra,,,, ,G,,, , , ,, ,,3111,3111,unknown,Unknown,1,Plant,20, , , ,, ,
Juglans nigra,JUGLANS,nigra,,,, ,W,34.42928,97.14368,US,Oklahoma,Murray,,Hwy. 77 just across from of Turner Falls Park exit,,136535,136535,"Tim Thibault, HBG Staff",Seed,1,Plant,25-N,1793,"Thibault, Tim",2019,,"Moderate - steep E slope, gravel, Coomes Ranch Conglomerate, in association with Juniperus, Fraxinus, Cerciis, Parthenocissus, Smilax.",
Prunus americana,PRUNUS,americana,,,, ,W,36.07718,-86.3151,US,Tennessee,Wilson,,Cedars of Lebanon State Park along 5 Mile Trail,,106414,106414,HNT Staff Expedition to SE USA,Seed,30,Seed, ,2697,Michael Denslow,2011,,Mixed hardwoods and Juniperus community.  Collected under Scientific Study Permit 2011-022.,
Prunus americana,PRUNUS,americana,,,, ,W,36.09136,-87.02483,US,Tennessee,Davidson,,"Harpeth River State Park, Hidden Lake",,106442,106442,HNT Staff Expedition to SE USA,Seed,47,Seed, ,2725,Michael Denslow,2011,,"Associated taxa include: Quercus, Carya, Acer, Gleditsia, Smilax, Passiflora, Albizia, Vitis, Platanus, , Rhamnus, Prunus, Lonicera, Ostrya & Populus.  Collected under Scientific Study Permit 2011-022.",
Prunus caroliniana,PRUNUS,caroliniana,,,, , ,,, , , ,, ,,3039,3039,unknown,Unknown,4,Plant,"12, 21, 5-8, 7-N", , , ,, ,
Prunus caroliniana 'Compacta',PRUNUS,caroliniana,,,,Compacta,G,,, , , ,, ,,26130,26130,Norman's Nurser,Plant,1,Plant,12-B12, , , ,, ,
Prunus caroliniana 'Compacta',PRUNUS,caroliniana,,,,Compacta, ,,, , , ,, ,,42579,42579,Norman's Nurser,Plant,1,Plant,6-May, , , ,, ,
Prunus glandulosa,PRUNUS,glandulosa,,,, , ,,, , , ,, ,,78182,78182,L.E. Cooke Co.,Plant,1,Plant,25-N, , , ,, ,
Prunus glandulosa 'Sinensis',PRUNUS,glandulosa,,,,Sinensis,G,,, , , ,, ,,87712,87712,San Gabriel Nur,Plant,1,Plant,25-N, , , ,, ,
Prunus glandulosa 'Sinensis',PRUNUS,glandulosa,,,,Sinensis,G,,, , , ,, ,,97764,97764,San Gabriel Nur,Plant,1,Plant,12-B11, , , ,, ,
Prunus ilicifolia,PRUNUS,ilicifolia,,,, , ,,, , , ,, ,,3045,3045,unknown,Unknown,1,Plant,7-N, , , ,, ,
Prunus ilicifolia,PRUNUS,ilicifolia,,,, ,G,,, , , ,, ,,125390,125390,Tree of Life Nu,Plant,1,Plant,19-Jun, , , ,, ,
Prunus lyonii,PRUNUS,lyonii,,,, , ,,, , , ,, ,,123555,123555,Tree of Life Nu,Plant,2,Plant,"3-NW, 6-8", , , ,, ,
Prunus mexicana,PRUNUS,mexicana,,,, ,G,,, , , ,, ,,95264,95264,L.E. Cooke Co.,Plant,4,Plant,12-RSP, , , ,, ,
Prunus virginiana var. demissa,PRUNUS,virginiana,var.,demissa,, , ,,, , , ,, ,,137430,137430,Suncrest,Plant,1,Plant,25-N, , , ,, ,