taxon_full_name,genus,species,infra_rank,infra_name,hybrid,cultivar,prov_type,orig_lat,orig_long,country,state,county,municipality,locality,assoc_sp,acc_num,lin_num,orig_source,rec_as,num_indiv,germ_type,garden_loc,coll_num,coll_name,coll_year,taxon_verif,notes
Asimina triloba (L.) Dunal,Asimina,triloba,,,,,w,,,United States of America,Nebraska,Richardson,,south of Rulo,,1086-60,,MORTON-STAFF,seed,3,Plant,Garden Grounds,,"Schulenberg, RF",1960,,
Asimina triloba (L.) Dunal,Asimina,triloba,,,,,w,,,United States of America,Illinois,,,"""locally""",,479-47,,,seed,2,Plant,Garden Grounds,,"Barber, A",,,
Asimina triloba (L.) Dunal,Asimina,triloba,,,,,w,,,United States of America,Iowa,Fremont,,"8 mi. east of Nebraska City, south of IA 2, in ravines behind Missouri River east bluff in Waubonsie State Park",,217-91,,1991 MORTON IA-NE SD. EXPED.,seed,1,Plant,Garden Grounds,,,1991,,
Asimina triloba (L.) Dunal,Asimina,triloba,,,,,w,,,United States of America,Indiana,Cass,,Logansport,,622-46,,MORTON-STAFF,seed,1,Plant,Garden Grounds,,,,,
Asimina triloba (L.) Dunal,Asimina,triloba,,,,,w,,,United States of America,Nebraska,Richardson,,1.5-2 mi. south of Rulo on Nature Conservancy Rulo Bluffs Preserve,,219-91,,1991 MORTON IA-NE SD. EXPED.,seed,3,Plant,Garden Grounds,,,1991,,
Asimina triloba (L.) Dunal,Asimina,triloba,,,,,w,,,United States of America,Illinois,Iroquois,,"Gaffield Creek, Frank Coughenour farm",,199-79,,MORTON-STAFF,seed,3,Plant,Garden Grounds,NI-15,"Schulenberg, RF",1978,,
Carya × nussbaumeri Sarg.,Carya,nussbaumeri,,,×,,w,,,United States of America,Iowa,Des Moines,,"about 7 miles north of Burlington, east of IA-99, at the 3rd pumping station",,76-92,,"MORTON-RESEARCH; grown from wild collected seed in Sept., 1984",plant,1,Plant,Garden Grounds,,"Wilhelm, G",,,
Carya cordiformis (Wangenh.) K.Koch,Carya,cordiformis,,,,,w,,,United States of America,Illinois,DuPage,,"east of Meadow Lake in The Morton Arboretum, Lisle",,290-2010,,MORTON,plant,1,Plant,Garden Grounds,,,,,
Carya cordiformis (Wangenh.) K.Koch,Carya,cordiformis,,,,,w,,,United States of America,Illinois,Kendall,,Oswego Cemetery,,547-82,,MORTON-STAFF,seed,9,Plant,Garden Grounds,1504,"Hedborn Jr, EA",1982,,
Carya cordiformis (Wangenh.) K.Koch,Carya,cordiformis,,,,,w,,,United States of America,"WI, IL, IN, MI",,,"native tree near the Schulenberg Prairie, The Morton Arboretum, Lisle",,335-2011,,MORTON,seed,1,Plant,Propagation,,"Dreisilker, KM",2011,,
Carya illinoinensis (Wangenh.) K.Koch,Carya,illinoinensis,,,,,w,,,United States of America,Iowa,Des Moines,,on the Mississippi River bottom near Burlington,,413-43,,,plant,1,Plant,Garden Grounds,,"Steinbrecker, H",,,
Carya illinoinensis (Wangenh.) K.Koch,Carya,illinoinensis,,,,,w,,,United States of America,Illinois,Fulton,,along Route 78,,569-81,,HORT. PROP.,seed,2,Plant,Garden Grounds,,"Tyson, S",1981,,
Carya illinoinensis (Wangenh.) K.Koch,Carya,illinoinensis,,,,,w,,,United States of America,Illinois,Fulton,,,,1-84,,RIVENDELL BG.,seed,7,Plant,Garden Grounds,,,,,
Carya illinoinensis (Wangenh.) K.Koch,Carya,illinoinensis,,,,,w,,,United States of America,Illinois,,,"""native trees"" site not noted",,491-55,,QUINCY PK.,seed,18,Plant,Garden Grounds,,"Johnson, GAL",,,
Carya illinoinensis (Wangenh.) K.Koch,Carya,illinoinensis,,,,,w,,,United States of America,Iowa,Jackson,,"west side of Mississippi R., west of Bowman Island, south of Bellevue",,234-91,,1991 MORTON IA-NE SD. EXPED.,seed,1,Plant,Garden Grounds,,,1991,,
Carya illinoinensis (Wangenh.) K.Koch,Carya,illinoinensis,,,,,w,,,United States of America,Illinois,,,along the Mississippi River near Pike Station,,1082-39,,MORTON,seed,3,Plant,Garden Grounds,,"Kammerer, EL",,,
Carya laciniosa (F.Michx.) Loudon,Carya,laciniosa,,,,,w,,,United States of America,Ohio,Wayne,,,,1083-60,,OHIO AG. EXP. STA.,seed,1,Plant,Garden Grounds,,,,,
Carya laciniosa (F.Michx.) Loudon,Carya,laciniosa,,,,,w,,,United States of America,Illinois,Kane,,"Fermilab, Batavia",,640-2010,,FERMILAB,seed,4,Plant,Propagation,,,2010,,
Carya laciniosa (F.Michx.) Loudon,Carya,laciniosa,,,,,w,,,United States of America,Indiana,Tippecanoe,Lafayette,within a mile of Lafayette,,612-64,,PURDUE U. DEPT. FOR.,seed,1,Plant,Garden Grounds,,,,,
Carya laciniosa (F.Michx.) Loudon,Carya,laciniosa,,,,,w,,,United States of America,Illinois,Kane,,"Fermilab, Batavia",,641-2010,,FERMILAB,seed,1,Plant,Garden Grounds,,,2010,,
Carya laciniosa (F.Michx.) Loudon,Carya,laciniosa,,,,,w,,,United States of America,Illinois,Kane,,"Fermi Lab, Batavia",,531-2013,,FERMILAB,seed,8,Plant,Garden Grounds,,,2013,,
Carya laciniosa (F.Michx.) Loudon,Carya,laciniosa,,,,,w,,,United States of America,Illinois,Pope,,Dixon Springs Agriculural Center grounds near Simpson,,625-64,,DIXON SP. AG. CENT.,seed,2,Plant,Garden Grounds,,,,,
Carya laciniosa (F.Michx.) Loudon,Carya,laciniosa,,,,,w,,,United States of America,Iowa,Des Moines,,6 miles north of Burlington,,361-96,,MORTON,seed,4,Plant,Garden Grounds,,"Green, T",,,
Carya ovalis var. obovalis Sarg.,Carya,ovalis,var.,obovalis,,,z,,,United States of America,Missouri,Crawford,,,,30-2015,,MORTON; wild coll'd seed,graft,2,Plant,Propagation,,"Steyermark, J",,,
Carya ovalis var. obovalis Sarg.,Carya,ovalis,var.,obovalis,,,w,,,United States of America,Missouri,Crawford,,,,426-45,,FIELD MUS. NAT. HIST.,seed,1,Plant,Garden Grounds,,"Steyermark, J",,,
Carya ovata (Mill.) K.Koch,Carya,ovata,,,,,w,,,United States of America,Illinois,Macon,,0.25 mi. south of the NE corner of Spitler Woods State Park on the east edge of the park,,564-78,,MORTON-STAFF,seed,1,Plant,Garden Grounds,NI-26,"Schulenberg, RF",1978,,
Carya ovata (Mill.) K.Koch,Carya,ovata,,,,,w,41.906917,-86.370639,United States of America,Michigan,Berrien,,along east side of intersection of Redbud Trail and Grange Roads north of Buchanan on the west side of the St. Joseph River,"Plant Assoc.: Quercus alba, Quercus rubra, Quercus velutina, Fraxinus americana, Acer saccharum, Sassafras albidum, Toxicodendron radicans, Juglans nigra, Parthenocissus quinquefolia ",471-2001,,MORTON,seed,1,Plant,Garden Grounds,1558,"Hedborn Jr, EA",2001,,"2001 Seed Exchange; Plant Descr.: single trunk mature tree with prominently shaggy bark, large pinnately compound leaves with hairy-toothed margins"
Carya ovata (Mill.) K.Koch,Carya,ovata,,,,,w,,,United States of America,Illinois,DuPage,,Danada Forest Preserve,,605-2008,,MORTON,seed,1,Plant,Garden Grounds,,Morton Volunteers,2008,,
Carya ovata (Mill.) K.Koch,Carya,ovata,,,,,w,41.823,-88.319,United States of America,Illinois,Kane,,"Red Oak Nature Center, Batavia",,532-2013,,MORTON,seed,1,Plant,Garden Grounds,,Morton Volunteers,2013,,
Carya ovata (Mill.) K.Koch,Carya,ovata,,,,,w,,,United States of America,Illinois,Kendall,,Lyon Forest Preserve,,609-2008,,MORTON,seed,13,Plant,Garden Grounds,,Morton Volunteers,2008,,
Carya ovata (Mill.) K.Koch,Carya,ovata,,,,,w,,,United States of America,Illinois,DuPage,,"The Morton Arboretum, Lisle",,601-2001,,MORTON,seed,1,Plant,Garden Grounds,,"Johnson, C",2001,,
Carya ovata (Mill.) K.Koch,Carya,ovata,,,,,w,,,United States of America,Illinois,DuPage,,on Danada Forest Preserve,,633-2010,,MORTON-STAFF,seed,2,Plant,Garden Grounds,,Arboretum Steward,2010,,
Carya ovata (Mill.) K.Koch,Carya,ovata,,,,,w,41.816673,-88.052772,United States of America,Illinois,DuPage,,"The Morton Arboretum East Woods, east of Bur-reed Marsh, Lisle",,634-2010,,MORTON-STAFF; native trees,seed,13,Plant,Garden Grounds,,Arboretum Steward,2010,,
Carya ovata (Mill.) K.Koch,Carya,ovata,,,,,w,,,United States of America,Illinois,DuPage,,Danada Forest Preserve,,604-2008,,MORTON,seed,1,Plant,Garden Grounds,,Morton Volunteers,2008,,
Carya ovata (Mill.) K.Koch,Carya,ovata,,,,,w,,,United States of America,Iowa,Boone,,on the west side of Richardson's Branch in the Iowa Arboretum,"Plant Assoc.: Festuca elatior, Phleum pratense, Pastinaca sativa, Bromus inermis.",235-95,,MORTON 1995 IOWA SD. EXPED.,seed,3,Plant,Garden Grounds,IA1995-6,,1995,,
Carya ovata (Mill.) K.Koch,Carya,ovata,,,,,w,,,United States of America,Illinois,Jo Daviess,,along east side of Broadway Road at edge of field,"Plant Assoc.: Cornus racemosa, Asclepias syriaca, Andropogon gerarii",195-97,,MORTON 1997 IL SD. EXPED.,seed,4,Plant,Garden Grounds,97-7,,1997,,
Carya ovata (Mill.) K.Koch,Carya,ovata,,,,,z,,,United States of America,Illinois,DuPage,,"native trees near Schulenberg Prairie, The Morton Arboretum, Lisle",,545-2009,,MORTON; wild coll'd seed - Chicago Region,seed,5,Plant,Garden Grounds,,"Dreisilker, KM",2011,,
Carya ovata (Mill.) K.Koch,Carya,ovata,,,,,w,,,United States of America,Illinois,DuPage,,Danada Forest Preserve,,544-2009,,MORTON,seed,1,Plant,Propagation,,Staff,,,
Carya ovata (Mill.) K.Koch,Carya,ovata,,,,,w,,,United States of America,Illinois,Kane,,Burnridge Forest Preserve,,603-2008,,MORTON,seed,1,Plant,Propagation,,Morton Volunteers,2008,,
Carya ovata (Mill.) K.Koch,Carya,ovata,,,,,w,,,United States of America,Illinois,DuPage,,"on Old Wayne Golf Course, West Chicago",,637-2010,,MORTON-STAFF,seed,1,Plant,Garden Grounds,,Arboretum Steward,2010,,
Carya ovata (Mill.) K.Koch,Carya,ovata,,,,,w,,,United States of America,Illinois,DuPage,,Morton Arboretum East Woods,,607-2008,,MORTON,seed,4,Plant,Garden Grounds,,Morton Volunteers,2008,,
Carya ovata (Mill.) K.Koch,Carya,ovata,,,,,w,,,United States of America,Illinois,Kane,,"on Fermi Lab., Batavia",,635-2010,,FERMILAB,seed,1,Plant,Garden Grounds,,,2010,,
Carya ovata (Mill.) K.Koch,Carya,ovata,,,,,w,41.679905,-88.374098,United States of America,Illinois,Kendall,,"private residence just off Fox River at 36 Oak Hill Drive, Oswego",,630-2010,,MORTON-STAFF,seed,15,Plant,Garden Grounds,,Morton Employee(s),2010,,
Carya ovata (Mill.) K.Koch,Carya,ovata,,,,,w,,,United States of America,Illinois,DuPage,,Danada Forest Preserve,,541-2009,,MORTON,seed,38,Plant,Garden Grounds,,"Grey, J",2009,?,
Carya ovata (Mill.) K.Koch,Carya,ovata,,,,,w,,,United States of America,Illinois,DuPage,,DuPage County forest preserves,,477-2007,,DUPAGE FOR. PRES. DIST.,seed,5,Plant,Garden Grounds,,,2007,,
Carya ovata (Mill.) K.Koch,Carya,ovata,,,,,w,,,United States of America,Illinois,Kendall,,Lyon Forest Preserve,,608-2008,,MORTON,seed,8,Plant,Garden Grounds,,Morton Volunteers,2008,,
Carya ovata (Mill.) K.Koch,Carya,ovata,,,,,w,,,United States of America,Illinois,DuPage & Kendall,,various sites,,478-2007,,MORTON-STAFF,seed,34,Plant,Garden Grounds,,"Dreisilker, KM",2007,,
Carya ovata (Mill.) K.Koch,Carya,ovata,,,,,w,,,United States of America,Illinois,DuPage,,on Danada Forest Preserve,,631-2010,,MORTON-STAFF,seed,4,Plant,Garden Grounds,,Arboretum Steward,2010,,
Carya ovata (Mill.) K.Koch,Carya,ovata,,,,,w,,,United States of America,Illinois,DuPage,,"native trees near Schulenberg Prairie, The Morton Arboretum, Lisle",,340-2011,,MORTON,seed,2,Plant,Garden Grounds,,"Dreisilker, KM",2011,,
Carya ovata (Mill.) K.Koch,Carya,ovata,,,,,w,41.734384,-88.485251,United States of America,Illinois,Kane,,"about 250 m. west of Jerico Road and Ashe Road, Big Rock",,632-2010,,MORTON-STAFF,seed,12,Plant,Garden Grounds,,"Dreisilker, KM",2011,,
Carya ovata (Mill.) K.Koch,Carya,ovata,,,,,w,,,United States of America,Illinois,DuPage,,"Morton Arboretum East Woods near Bur Reed Marsh, Lisle",,601-2008,,MORTON,seed,1,Plant,Garden Grounds,,Morton Volunteers,2008,,
Carya ovata (Mill.) K.Koch,Carya,ovata,,,,,w,,,United States of America,Illinois,Iroquois,,Haun Park,,572-83,,MORTON-STAFF,seed,4,Plant,Garden Grounds,1525,"Hedborn Jr, EA; Bachtell, KR",1983,,
Castanea dentata (Marshall) Borkh.,Castanea,dentata,,,,,g,,,United States of America,Illinois,Carroll,,"southwest corner of Mississippi Palisades State Park, near site of and old abandoned homesite",,565-78,,MORTON-STAFF,seed,2,Plant,Garden Grounds,,"Schulenberg, RF",,,
Castanea dentata (Marshall) Borkh.,Castanea,dentata,,,,,w,,,United States of America,Wisconsin,Sauk,,near Rock Springs in Excelsior Township,,418-2003,,AMER. CHESTNUT FOUND.; naturalized escapes from cultivation,seed,2,Plant,Garden Grounds,,,,,These trees are 15/16ths American Chestnut.
Corylus americana Walter,Corylus,americana,,,,,w,,,United States of America,Illinois,Ogle,,"along Devil's Backbone Road, 1.25 mi. sw of Oregon",,735-79,,MORTON-STAFF,seed,5,Plant,Garden Grounds,1173,"Hedborn Jr, EA; Schulenberg, RF",1979,,
Corylus americana Walter,Corylus,americana,,,,,w,,,United States of America,Illinois,DuPage,,"McDowell Grove Forest Preserve, Naperville",,642-2010,,MORTON-STAFF,seed,50,Plant,Garden Grounds,,"Bachtell, KR",2010,,
Corylus americana Walter,Corylus,americana,,,,,w,,,United States of America,Illinois,DuPage,,"Springbrook Prairie Forest Preserve, Naperville",,643-2010,,MORTON-STAFF,seed,51,Plant,Garden Grounds,,"Bachtell, KR",2010,,
Corylus americana Walter,Corylus,americana,,,,,z,,,United States of America,Illinois,,,Chicago Region,,565-2009,,POSSIBILITY PL. N.; wild coll'd seed,plant,65,Plant,Garden Grounds,,"Shaw, CB",,,
Corylus americana Walter,Corylus,americana,,,,,w,,,United States of America,Illinois,DuPage,,"The Morton Arboretum, Lisle",,533-2013,,MORTON,seed,6,Plant,Propagation,,Morton Volunteers,2013,,
Corylus americana Walter,Corylus,americana,,,,,w,,,United States of America,Wisconsin,Adams,,,,649-2010,,MORTON-STAFF,seed,1,Plant,Propagation,,"Bachtell, KR",2010,,
Corylus americana Walter,Corylus,americana,,,,,w,,,United States of America,Minnesota,Crow Wing,,along Paul Bunyan Trail south of Bemidji between Brainerd and Pequot Lakes,,24-2004,,MORTON-RESEARCH; wild coll'd seed,plant,1,Plant,Garden Grounds,,"Wiegrefe, S",1996,,
Corylus americana Walter,Corylus,americana,,,,,w,,,United States of America,Illinois,DuPage,,"McDowell Grove Forest Preserve, Naperville",,547-2009,,MORTON,seed,123,Plant,Garden Grounds,,Staff,2009,,
Corylus americana Walter,Corylus,americana,,,,,w,,,United States of America,Illinois,DuPage,,"Big Rock Meadow, The Morton Arboretum, East Woods",,644-2010,,MORTON-STAFF,seed,33,Plant,Garden Grounds,,Arboretum Steward,2010,,
Corylus americana Walter,Corylus,americana,,,,,w,,,United States of America,Illinois,DuPage,,The Morton Arboretum north of Lisle,,383-2014,,MORTON,seed,23,Plant,Garden Grounds,,,2014,,
Corylus americana Walter,Corylus,americana,,,,,w,43.333333,-92.366667,United States of America,Iowa,Chickasaw,,at Daubendieck Fen,,29-2004,,MORTON-RESEARCH; wild coll'd seed,plant,1,Plant,Garden Grounds,,"Wiegrefe, S",1997,,
Corylus cornuta Marshall,Corylus,cornuta,,,,,w,,,United States of America,South Dakota,Lawrence,,Mount Theodore Roosevelt,,338-79,,MORTON-STAFF,seed,1,Plant,Garden Grounds,NP-19,"Schulenberg, RF",1978,,
Corylus cornuta Marshall,Corylus,cornuta,,,,,w,,,United States of America,Michigan,Marquette,,,,66-86,,BEAL-GARFIELD BG.,seed,2,Plant,Garden Grounds,,,,,
Corylus cornuta Marshall,Corylus,cornuta,,,,,w,,,Canada,,,,Alberta,,32-83,,"DEVONIAN BG., U. ALBERTA",seed,2,Plant,Garden Grounds,,,,,
Diospyros virginiana L.,Diospyros,virginiana,,,,,w,,,United States of America,Missouri,,,near Leenwood,,1835-23,,BF Bush,seed,2,Plant,Garden Grounds,10092,"Bush, BF",,,
Diospyros virginiana L.,Diospyros,virginiana,,,,,w,,,United States of America,Illinois,Adams,,2 miles west of Marblehead along the Mississippi River,,216-79,,MORTON-STAFF,seed,3,Plant,Garden Grounds,NI-36,"Schulenberg, RF",1978,,
Diospyros virginiana L.,Diospyros,virginiana,,,,,w,36.644722,-89.285,United States of America,Missouri,Mississippi,,in picnic area of Big Oak Tree State Park,,535-96,,MORTON-STAFF,seed,1,Plant,Garden Grounds,96-04,"Linden, PJ van der",1996,,"The parent tree of this accession was labeled: ""Champion Persimmon, 6'9"" circumberence, 131' height."""
Diospyros virginiana L.,Diospyros,virginiana,,,,,z,,,United States of America,Missouri,,,near Leenwood,,272-95,,MORTON; wild coll'd seed,seed,1,Plant,Garden Grounds,10092,"Bush, BF",,,
Diospyros virginiana L.,Diospyros,virginiana,,,,,w,,,United States of America,Illinois,Tazewell,,5 miles west of Manito,,212-79,,MORTON-STAFF,seed,4,Plant,Garden Grounds,NI-32,"Schulenberg, RF",1978,,
Juglans cinerea L.,Juglans,cinerea,,,,,w,,,United States of America,Iowa,Story,,near Squaw and Onion Creeks on YMCA Outdoor Center adjacent to Spangler Labs,"Plant Assoc.: Acer nigrum, Ulmus americana, Laportea canadensis, Celtis occidentalis, Asarum canadense, Tilia americana.",234-95,,MORTON 1995 IOWA SD. EXPED.,seed,1,Plant,Garden Grounds,IA1995-5,,1995,,
Juglans cinerea L.,Juglans,cinerea,,,,,w,,,United States of America,Illinois,DuPage,,"near the DuPage River, south of Maple Avenue about 0.25 miles west of Illinois Route 53 in Lisle",,1-92,,MORTON-RESEARCH; wild coll'd seed,plant,1,Plant,Garden Grounds,,"Sedlacek, T",1988,,
Juglans cinerea L.,Juglans,cinerea,,,,,w,,,United States of America,Illinois,Jo Daviess,,"Apple River, 1 1/2 mi. northeast of Elizabeth",,228-79,,MORTON-STAFF,seed,5,Plant,Garden Grounds,NI-51,"Schulenberg, RF",1978,,
Juglans microcarpa Berland.,Juglans,microcarpa,,,,,w,,,United States of America,Kansas,Comanche,,7 mi east of Coldwater,,511-81,,MORTON-STAFF,seed,9,Plant,Garden Grounds,1453,"Hedborn Jr, EA; Schulenberg, RF",1981,,
Juglans microcarpa Berland.,Juglans,microcarpa,,,,,w,,,United States of America,Oklahoma,Greer,,from Quartz Mountain State Park,,373-69,,MORTON-STAFF,seed,1,Plant,Garden Grounds,,"Ware, GH",,,
Juglans nigra L.,Juglans,nigra,,,,,z,,,United States of America,Illinois,DuPage,,"along the south side of the DuPage River, on grounds of The Morton Arboretum",,266-95,,MORTON,seed,3,Plant,Garden Grounds,,"Linden, PJ van der",1995,,"Plant Descr.: Parent plant is a very large, native tree that predates the Arboretum and probably settlement."
Juglans nigra L.,Juglans,nigra,,,,,w,,,Canada,Ontario,,,Muskoka area,,643-64,,HAMILTON RBG.,seed,1,Plant,Garden Grounds,,,,,
Juglans nigra L.,Juglans,nigra,,,,,w,,,United States of America,Illinois,Logan,,east edge of Elkhart,,207-79,,MORTON-STAFF,seed,2,Plant,Garden Grounds,NI-27,"Schulenberg, RF",1978,,
Juglans nigra L.,Juglans,nigra,,,,,w,,,United States of America,Illinois,Jo Daviess,,along Welch Road,,552-81,,MORTON-STAFF,seed,1,Plant,Garden Grounds,1482,"Hedborn Jr, EA; Lewis, C",1981,,
Malus coronaria (L.) Mill.,Malus,coronaria,,,,,w,,,United States of America,Illinois,Will,,near Merioneth Road in an area being subdivided for Lincolnshire housing development,,182-92,,MORTON-STAFF,seed,3,Plant,Garden Grounds,,"Linden, PJ van der",1992,,
Malus coronaria (L.) Mill.,Malus,coronaria,,,,,w,,,United States of America,Ohio,Ashtabula,,in the North Kingsville Sand Barrens,,42-97,,HOLDEN ARB.,seed,4,Plant,Garden Grounds,,,1996,,
Malus fusca (Raf.) C.K.Schneid.,Malus,fusca,,,,,w,42.033333,-123.333333,United States of America,Oregon,Josephine,,,,267-94,,FORESTFARM ARB. & N.,seed,1,Plant,Garden Grounds,,,,,
Malus ioensis (Wood) Britton,Malus,ioensis,,,,,w,,,United States of America,Illinois,McHenry,,along Leatherleaf Bog Trail in Moraine Hills State Park,,433-81,,MORTON-STAFF,seed,3,Plant,Garden Grounds,1378,"Hedborn Jr, EA; Schulenberg, RF",1981,,
Prunus americana Marshall,Prunus,americana,,,,,w,,,United States of America,Illinois,DuPage,,from the east woods (King's Grove) of the Morton Arboretum,,556-74,,MORTON-STAFF; wild coll'd,plant,1,Plant,Garden Grounds,,"Wason, RR",,,
Prunus americana Marshall,Prunus,americana,,,,,w,,,United States of America,Illinois,Stephenson,,3/4 mi. S. of Lake Le-Aqua-Na State Park,,739-79,,MORTON-STAFF,seed,1,Plant,Garden Grounds,1177,"Hedborn Jr, EA; Schulenberg, RF",1979,,
Prunus americana Marshall,Prunus,americana,,,,,g,,,,,,,,,202-94,,KLEHM N.,plant,3,Plant,Garden Grounds,,,,,
Prunus americana var. lanata (Sudw.) Mack. & Bush,Prunus,americana,var.,lanata,,,w,,,United States of America,Illinois,Winnebago,,"edge of trail, east end Rock Cut State Park",,439-81,,MORTON-STAFF,seed,4,Plant,Garden Grounds,1382,"Hedborn Jr, EA; Schulenberg, RF",1981,,
Prunus americana var. lanata (Sudw.) Mack. & Bush,Prunus,americana,var.,lanata,,,z,,,United States of America,Illinois,Winnebago,,"edge of trail, east end Rock Cut State Park",,157-2021,,MORTON; wild coll'd seed,cutting,18,Plant,Propagation,1382,"Hedborn Jr, EA; Schulenberg, RF",1981,,
Prunus angustifolia Marshall,Prunus,angustifolia,,,,,z,,,United States of America,Arkansas,Stone,,0.4 miles east of Baxter County line along AR 14 R.O.W.,,354-2013,,MORTON-STAFF,cutting,1,Plant,Garden Grounds,,"Clark, RC",1980,,
Prunus depressa Pursh,Prunus,depressa,,,,,z,,,Canada,,,,eastern section,,391-2005,,MORTON from MONTREAL BG.; wild coll'd seed,cutting,3,Plant,Garden Grounds,,,,,
Prunus mexicana S.Watson,Prunus,mexicana,,,,,w,36.53894,-93.84664,United States of America,Missouri,Barry,,"Mark Twain National Forest, along FR 197 (Sugar Camp Scenic Drive), ca. 5.3 mi. e. of Seligman",,428-2012,,DAWES ARB.; wild coll'd seed,plant,2,Plant,Garden Grounds,TDAMOAR11-071,,2011,,
Prunus munsoniana Wight & Hedrick,Prunus,munsoniana,,,,,z,,,United States of America,Kentucky,,,site not noted,,357-2013,,MORTON from BERNHEIM FOR. ARB.,cutting,2,Plant,Garden Grounds,,,,,
Prunus virginiana L.,Prunus,virginiana,,,,,w,,,United States of America,Illinois,LaSalle,,,,507-85,,RIVENDELL BG.,seed,1,Plant,Garden Grounds,,,,,
Prunus virginiana var. melanocarpa (A.Nelson) Sarg.,Prunus,virginiana,var.,melanocarpa,,,w,,,United States of America,Colorado,Costilla,,along Sangre de Cristo Creek east of Fort Garland and west of La Veta Pass along the north side of US-160,,404-86,,MORTON-STAFF,seed,1,Plant,Garden Grounds,,,1986,,