taxon_full_name,genus,species,infra_rank,infra_name,hybrid,cultivar,prov_type,orig_lat,orig_long,country,state,county,municipality,locality,assoc_sp,acc_num,lin_num,orig_source,rec_as,num_indiv,germ_type,garden_loc,coll_num,coll_name,coll_year,taxon_verif,notes,,,,,,,,,,,,,,,,,,,,,,,,,,,,,,,,,,,,,,,,,,,,,,,,,,,,,,,,,,,,,,,,,,,,,,,,,,,,,,,,,,,,,,,,,,,,,,,,,,,,,,,,,,,,,,,,,,,,,,,,,,,,,,,,,,,,,,,,,,,,,,,,,,,,,,,,,,,,,,,,,,,,,,,,,,,,,,,,,,,,,,,,,,,,,,,,,,,,,,,,,,,,,,,,,,,,,,,,,,,,,,,
Asimina triloba (L.) Dunal.,Asimina,triloba,,,,,G,A,Asimina triloba,,Virginia,Fairfax,,,,2000-0936,,William B. McLaughlin,Plant (plant),,,,,William B. McLaughlin,,,,,,,,,,,,,,,,,,,,,,,,,,,,,,,,,,,,,,,,William B. McLaughlin,,,,?,0000,,,,Recd. as: Asimina triloba,,,,,,,Recd.size: 1 qt.,329,NA,USA,United States of America,,,,Virginia,Fairfax Co.,,,,,,,,,,,,,,,,,,"MCLAUGHLIN, WILLIAM",,William B. McLaughlin,,William McLaughlin,,Plant (plant),,,,,,,,,,,,,,2000-08-07,P,Planting,,,,,,,,,,,,,NG•,NG,The National Garden,,10,,,,,Existing,I,Inspected,2012-03-09,kpw,,1,,,,,,,,,,,,,,,,,,,,,,,,,,,,EM,1,OK,,,,,,Allowed,Allowed,,,Allowed,Allowed,,,Allowed,Allowed,,,,,,,,,,,,,,,6AEDD518-E432-492E-B4D2-405BD7570B48,B7B55AA6-D3CF-417C-8876-1809E83809F8,,lag,9/21/2000 12:00:00 AM,lag,9/21/2000 12:00:00 AM,[vascular plants],Equisetopsida,Magnoliidae,Magnolianae,Magnoliales,Annonaceae,,,,,,pawpaw,,,,,,,,,,,,,pawpaw,pawpaw (English),pawpaw
Asimina triloba (L.) Dunal 'Wilson',Asimina,triloba,,,,'Wilson',G,A,Asimina triloba 'Wilson',,Virginia,Fairfax,,,,2000-0938,,William B. McLaughlin,Plant (plant),,,,,William B. McLaughlin,,,,,,,,,,,,,,,,,,,,,,,,,,,,,,,,,,,,,,,,,,,,?,0000,,,,Recd. as: Asimina triloba 'Wilson',,,,,,,"Recd.size: 18-24"".",,,,,,,,,,,,,,,,,,,,,,,,,,,FAIRWEATHER GARDENS,,Fairweather Gardens,,Fairweather Gardens,,Plant (plant),,,,,,,,,,,,,,2006-03-30,P,Planting,,,,,,,,,,,,,NG•,NG,The National Garden,,10,,,,,Existing,I,Inspected,2012-03-09,kpw,,1,,,,,,,,,,,,,,,,,,,,,,,,,,,,,,,,,,,,Allowed,Allowed,,,Allowed,Allowed,,,Allowed,Allowed,,,,,,,,,,,,,,,7D3A1A30-39FE-4C29-B544-0C82AB1DD355,C1AC1D7F-34F5-4B26-BDC0-37ACFDD22756,,kpw,4/6/2006 12:00:00 AM,kpw,4/6/2006 12:00:00 AM,[vascular plants],Equisetopsida,Magnoliidae,Magnolianae,Magnoliales,Annonaceae,,,,,,pawpaw,,,,,,,,,,,,,pawpaw,pawpaw (English),pawpaw
Asimina parviflora (Michx.) Dun.,Asimina,parviflora,,,,,G,A,Asimina parviflora,,,,,,,2006-0479,,Fairweather Gardens,Plant (plant),,,,,,,,,,,,,,,,,,,,,,,,,,,,,,,,,,,,,,,,,,,,,,,,,?,0000,,,,Recd. as: Asimina parviflora,,,,,,,,,,,,,,,,,,,,,,,,,,,,,,,,,,WOODLANDERS,,Woodlanders Inc.,,Woodlanders,,Plant (plant),,,,,,,,,,,,,,2008-02-15,P,Planting,,,,,,,,,,,,,NG•,NG,The National Garden,,9,,,,,Existing,I,Inspected,2012-03-08,kpw,,1,,,,,,,,,,,,,,,,,,,,,,,,,,,,,,,,,,,,Allowed,Allowed,,,Allowed,Allowed,,,Allowed,Allowed,,,,,,,,,,,,,,,009BD54A-6BBC-447B-AAEF-DC94D9FD7318,DCDA1E8F-F8AC-40A3-9675-0B971B6973C4,,kpw,4/3/2008 12:00:00 AM,kpw,4/4/2008 12:00:00 AM,[vascular plants],Equisetopsida,Magnoliidae,Magnolianae,Magnoliales,Annonaceae,,,,,,smallflower pawpaw,,,,,,,,,,,,,smallflower pawpaw,smallflower pawpaw (English),smallflower pawpaw
Asimina triloba (L.) Dunal.,Asimina,triloba,,,,,G,A,Asimina triloba,,,,,,,2008-0278,,Woodlanders Inc.,Plant (plant),,,,,,,,,,,,,,,,,,,,,,,,,,,,,,,,,,,,,,,,,,,,,,,,,?,0000,,,,Recd. as: Asimina triloba,,,,,,,"Recd.size: 8-10"".",,,,,,,,,,,,,,,,,,,,,,,,,,,BOLD SPRINGS,,Bold Springs Nursery,,Bold Springs,,Plant (plant),,,,,,,,,,,,,,2012-11-23,P,Planting,,,,,,,,,,,,,BP•,BP,Bartholdi Park,,14,,,,,Existing,I,Inspected,2013-09-18,kpw,,1,,,,,,,,,,,,,,,,,,,,,,,,,,,,,,,,,,,,Allowed,Allowed,,,Allowed,Allowed,,,Allowed,Allowed,,,,,,,,,,,,,,,4BBF1996-E47F-4236-9221-7AB5771799C3,3EE81CCC-BC81-4C99-8F76-E298BE7D34B9,,kpw,9/18/2013 12:00:00 AM,kpw,9/18/2013 12:00:00 AM,[vascular plants],Equisetopsida,Magnoliidae,Magnolianae,Magnoliales,Annonaceae,,,,,,pawpaw,,,,,,,,,,,,,pawpaw,pawpaw (English),pawpaw
Asimina triloba (L.) Dunal 'Mitchell',Asimina,triloba,,,,'Mitchell',G,A,Asimina triloba 'Mitchell',,,,,,,2013-0631,,Bold Springs Nursery,Plant (plant),,,,,,,,,,,,,,,,,,,,,,,,,,,,,,,,,,,,,,,,,,,,,,,,,?,2020-05-29,,,,"From the 2019 APGA Terrace Show  ""Gardens Across America"" - FPC Display",,,,,,,,,,,,,,,,,,,,,,,,,,,,,,,,,,USBG,,United States Botanic Garden,,United States Botanic Garden,,Plant (plant),,,,,,,,,,,,,,2019-06,P,Planting,,,,,,,,,,,,,PF•,PF,Production Facility,,,,,,,Existing,RD,Received,2019-06,jal,,1,,,,,,,,,,,,,,,,,,,,,,,,,,,,,,,,,,,,Allowed,Allowed,,,Allowed,Allowed,,,Allowed,Allowed,,,,,,,,,,,,,,,8821b034-dc51-433b-a384-4e73205b3762,8c8febc0-98bc-4c38-8c00-bb1c08bc485e,,jal,5/29/2020 11:11:07 AM,jal,5/29/2020 11:11:08 AM,[vascular plants],Equisetopsida,Magnoliidae,Magnolianae,Magnoliales,Annonaceae,,,,,,pawpaw,,,,,,,,,,,,,pawpaw,pawpaw (English),pawpaw
Asimina triloba (L.) Dunal.,Asimina,triloba,,,,,Z,A,Asimina triloba,,,,,,,2020-0441,,United States Botanic Garden,Plant (plant),,,,,,,,,,,,,,,,,,,,,,,,,,,,,,,,,,,,,,,,,,,,,,,,,,,,,,Seedling of accession #: 2000-0936.,,,,,,,,,,,,,,,,,,,,,,,,,,,,,,,,,,USBG,,United States Botanic Garden,,United States Botanic Garden,,Seedling (plant),,,,,,,,,,,,,,2021-04-12,P,Planting,,,,,,,,,,,,,PF•,PF,Production Facility,,,,,,,Existing,RD,Received,2021-04-12,amj,,1,,,,,,,,,,,,,,,,,,,,,,,,,,,,,,,,,,,,Allowed,Allowed,,,Allowed,Allowed,,,Allowed,Allowed,,,,,,,,,,,,,,,ae28ff07-8bef-40c2-aafb-83db9833eb78,e6ebb690-b5fe-467b-8cf0-13dc3938fbe4,,jal,5/3/2021 8:35:40 AM,jal,5/3/2021 8:35:40 AM,[vascular plants],Equisetopsida,Magnoliidae,Magnolianae,Magnoliales,Annonaceae,,,,,,pawpaw,,,,,,,,,,,,,pawpaw,pawpaw (English),pawpaw
Asimina triloba (L.) Dunal.,Asimina,triloba,,,,,Z,A,Asimina triloba,,,,,,,2021-0001,,United States Botanic Garden,Seedling (plant),,,,,,,,,,,,,,,,,,,,,,,,,,,,,,,,,,,,,,,,,,,,,,,,,,,,,,Seedling of accession #: 2000-0936.,,,,,,,,,,,,,,,,,,,,,,,,,,,,,,,,,,USBG,,United States Botanic Garden,,United States Botanic Garden,,Seedling (plant),,,,,,,,,,,,,,2021-04-12,P,Planting,,,,,,,,,,,,,PF•,PF,Production Facility,,,,,,,Existing,RD,Received,2021-04-12,amj,,1,,,,,,,,,,,,,,,,,,,,,,,,,,,,,,,,,,,,Allowed,Allowed,,,Allowed,Allowed,,,Allowed,Allowed,,,,,,,,,,,,,,,d2cbdd8a-48a6-47f4-a19c-e4e800b20afa,c58d8e9b-1c57-483a-8748-09aab8dead5d,,jal,5/3/2021 8:42:25 AM,jal,5/3/2021 8:42:25 AM,[vascular plants],Equisetopsida,Magnoliidae,Magnolianae,Magnoliales,Annonaceae,,,,,,pawpaw,,,,,,,,,,,,,pawpaw,pawpaw (English),pawpaw
Asimina triloba (L.) Dunal.,Asimina,triloba,,,,,Z,A,Asimina triloba,,,,,,,2021-0002,,United States Botanic Garden,Seedling (plant),,,,,,,,,,,,,,,,,,,,,,,,,,,,,,,,,,,,,,,,,,,,,,,,,,,,,,Seedling of accession #: 2000-0936.,,,,,,,,,,,,,,,,,,,,,,,,,,,,,,,,,,USBG,,United States Botanic Garden,,United States Botanic Garden,,Seedling (plant),,,,,,,,,,,,,,2021-04-12,P,Planting,,,,,,,,,,,,,PF•,PF,Production Facility,,,,,,,Existing,RD,Received,2021-04-12,amj,,1,,,,,,,,,,,,,,,,,,,,,,,,,,,,,,,,,,,,Allowed,Allowed,,,Allowed,Allowed,,,Allowed,Allowed,,,,,,,,,,,,,,,7bed5059-9b4a-4798-a591-0772ae33d852,00532323-208b-49a9-907f-533c5714f80e,,jal,5/3/2021 8:42:59 AM,jal,5/3/2021 8:43:00 AM,[vascular plants],Equisetopsida,Magnoliidae,Magnolianae,Magnoliales,Annonaceae,,,,,,pawpaw,,,,,,,,,,,,,pawpaw,pawpaw (English),pawpaw
Asimina triloba (L.) Dunal.,Asimina,triloba,,,,,Z,A,Asimina triloba,,,,,,,2021-0003,,United States Botanic Garden,Seedling (plant),,,,,,,,,,,,,,,,,,,,,,,,,,,,,,,,,,,,,,,,,,,,,,,,,,,,,,Seedling of accession #: 2000-0936.,,,,,,,,,,,,,,,,,,,,,,,,,,,,,,,,,,USBG,,United States Botanic Garden,,United States Botanic Garden,,Seedling (plant),,,,,,,,,,,,,,2021-04-12,P,Planting,,,,,,,,,,,,,PF•,PF,Production Facility,,,,,,,Existing,RD,Received,2021-04-12,amj,,1,,,,,,,,,,,,,,,,,,,,,,,,,,,,,,,,,,,,Allowed,Allowed,,,Allowed,Allowed,,,Allowed,Allowed,,,,,,,,,,,,,,,d63a11f0-60da-435b-9cc7-3ff49d9cfb2d,a797102f-c4c5-46a2-9a52-a3998dca2974,,jal,5/3/2021 8:43:28 AM,jal,5/3/2021 8:43:29 AM,[vascular plants],Equisetopsida,Magnoliidae,Magnolianae,Magnoliales,Annonaceae,,,,,,pawpaw,,,,,,,,,,,,,pawpaw,pawpaw (English),pawpaw
Asimina triloba (L.) Dunal.,Asimina,triloba,,,,,Z,A,Asimina triloba,,,,,,,2021-0004,,United States Botanic Garden,Seedling (plant),,,,,,,,,,,,,,,,,,,,,,,,,,,,,,,,,,,,,,,,,,,,,,,,,,,,,,Seedling of accession #: 2000-0936.,,,,,,,,,,,,,,,,,,,,,,,,,,,,,,,,,,USBG,,United States Botanic Garden,,United States Botanic Garden,,Seedling (plant),,,,,,,,,,,,,,2021-04-12,P,Planting,,,,,,,,,,,,,PF•,PF,Production Facility,,,,,,,Existing,RD,Received,2021-04-12,amj,,1,,,,,,,,,,,,,,,,,,,,,,,,,,,,,,,,,,,,Allowed,Allowed,,,Allowed,Allowed,,,Allowed,Allowed,,,,,,,,,,,,,,,1965f391-0c3f-4ac0-b1fa-ae30eca09aef,7954e73b-e705-4e15-b36d-8b820c0b8e8e,,jal,5/3/2021 8:44:00 AM,jal,5/3/2021 8:44:01 AM,[vascular plants],Equisetopsida,Magnoliidae,Magnolianae,Magnoliales,Annonaceae,,,,,,pawpaw,,,,,,,,,,,,,pawpaw,pawpaw (English),pawpaw
Asimina triloba (L.) Dunal.,Asimina,triloba,,,,,Z,A,Asimina triloba,,,,,,,2021-0005,,United States Botanic Garden,Seedling (plant),,,,,,,,,,,,,,,,,,,,,,,,,,,,,,,,,,,,,,,,,,,,,,,,,,,,,,Seedling from Accession # 2000-0938.,,,,,,,,,,,,,,,,,,,,,,,,,,,,,,,,,,USBG,,United States Botanic Garden,,United States Botanic Garden,,Seedling (plant),,,,,,,,,,,,,,2021-04-12,P,Planting,,,,,,,,,,,,,PF•,PF,Production Facility,,,,,,,Existing,I,Inspected,2021-04-12,amj,,1,,,,,,,,,,,,,,,,,,,,,,,,,,,,,,,,,,,,Allowed,Allowed,,,Allowed,Allowed,,,Allowed,Allowed,,,,,,,,,,,,,,,47567831-2536-41f2-9226-1e9fc44b289e,67a60e72-abaa-4b48-afcf-11a3ba4bf1a8,,jal,5/3/2021 9:34:13 AM,jal,5/3/2021 9:34:13 AM,[vascular plants],Equisetopsida,Magnoliidae,Magnolianae,Magnoliales,Annonaceae,,,,,,pawpaw,,,,,,,,,,,,,pawpaw,pawpaw (English),pawpaw
Asimina triloba (L.) Dunal.,Asimina,triloba,,,,,Z,A,Asimina triloba,,,,,,,2021-0006,,United States Botanic Garden,Seedling (plant),,,,,,,,,,,,,,,,,,,,,,,,,,,,,,,,,,,,,,,,,,,,,,,,,,,,,,Seedling from Accession # 2000-0938.,,,,,,,,,,,,,,,,,,,,,,,,,,,,,,,,,,USBG,,United States Botanic Garden,,United States Botanic Garden,,Seedling (plant),,,,,,,,,,,,,,2021-04-12,P,Planting,,,,,,,,,,,,,PF•,PF,Production Facility,,,,,,,Existing,I,Inspected,2021-04-12,amj,,1,,,,,,,,,,,,,,,,,,,,,,,,,,,,,,,,,,,,Allowed,Allowed,,,Allowed,Allowed,,,Allowed,Allowed,,,,,,,,,,,,,,,97c856c7-9029-4325-a57e-6ce65289316e,cb723d5f-0dd0-4402-8bdf-f681ae0671c5,,jal,5/3/2021 9:34:54 AM,jal,5/3/2021 9:34:54 AM,[vascular plants],Equisetopsida,Magnoliidae,Magnolianae,Magnoliales,Annonaceae,,,,,,pawpaw,,,,,,,,,,,,,pawpaw,pawpaw (English),pawpaw
Asimina triloba (L.) Dunal.,Asimina,triloba,,,,,Z,A,Asimina triloba,,,,,,,2021-0007,,United States Botanic Garden,Seedling (plant),,,,,,,,,,,,,,,,,,,,,,,,,,,,,,,,,,,,,,,,,,,,,,,,,,,,,,Seedling from Accession # 2000-0938.,,,,,,,,,,,,,,,,,,,,,,,,,,,,,,,,,,USBG,,United States Botanic Garden,,United States Botanic Garden,,Seedling (plant),,,,,,,,,,,,,,2021-04-12,P,Planting,,,,,,,,,,,,,PF•,PF,Production Facility,,,,,,,Existing,I,Inspected,2021-04-12,amj,,1,,,,,,,,,,,,,,,,,,,,,,,,,,,,,,,,,,,,Allowed,Allowed,,,Allowed,Allowed,,,Allowed,Allowed,,,,,,,,,,,,,,,66a0b701-31e1-4955-97b6-90c0b02d6df4,437288a3-30cd-4e14-8703-946083530a19,,jal,5/3/2021 9:35:22 AM,jal,5/3/2021 9:35:23 AM,[vascular plants],Equisetopsida,Magnoliidae,Magnolianae,Magnoliales,Annonaceae,,,,,,pawpaw,,,,,,,,,,,,,pawpaw,pawpaw (English),pawpaw
Asimina triloba (L.) Dunal.,Asimina,triloba,,,,,Z,A,Asimina triloba,,,,,,,2021-0008,,United States Botanic Garden,Seedling (plant),,,,,,,,,,,,,,,,,,,,,,,,,,,,,,,,,,,,,,,,,,,,,,,,,,,,,,Seedling from Accession # 2000-0938.,,,,,,,,,,,,,,,,,,,,,,,,,,,,,,,,,,USBG,,United States Botanic Garden,,United States Botanic Garden,,Seedling (plant),,,,,,,,,,,,,,2021-04-12,P,Planting,,,,,,,,,,,,,PF•,PF,Production Facility,,,,,,,Existing,I,Inspected,2021-04-12,amj,,1,,,,,,,,,,,,,,,,,,,,,,,,,,,,,,,,,,,,Allowed,Allowed,,,Allowed,Allowed,,,Allowed,Allowed,,,,,,,,,,,,,,,3bbfb4df-ae36-4f37-aef2-0b75c30caaa7,bb666141-ea6c-4ce3-8eea-858681b2f8ef,,jal,5/3/2021 9:36:00 AM,jal,5/3/2021 9:36:01 AM,[vascular plants],Equisetopsida,Magnoliidae,Magnolianae,Magnoliales,Annonaceae,,,,,,pawpaw,,,,,,,,,,,,,pawpaw,pawpaw (English),pawpaw
Asimina triloba (L.) Dunal.,Asimina,triloba,,,,,Z,A,Asimina triloba,,,,,,,2021-0009,,United States Botanic Garden,Seedling (plant),,,,,,,,,,,,,,,,,,,,,,,,,,,,,,,,,,,,,,,,,,,,,,,,,,,,,,Seedling from Accession # 2000-0938.,,,,,,,,,,,,,,,,,,,,,,,,,,,,,,,,,,USBG,,United States Botanic Garden,,United States Botanic Garden,,Seedling (plant),,,,,,,,,,,,,,2021-04-12,P,Planting,,,,,,,,,,,,,PF•,PF,Production Facility,,,,,,,Existing,I,Inspected,2021-04-12,amj,,1,,,,,,,,,,,,,,,,,,,,,,,,,,,,,,,,,,,,Allowed,Allowed,,,Allowed,Allowed,,,Allowed,Allowed,,,,,,,,,,,,,,,9b5b2e8a-ccb3-4138-a849-8a89e26651f9,1296da99-38b0-4fa1-979e-a4baf5930e89,,jal,5/3/2021 9:36:47 AM,jal,5/3/2021 9:36:47 AM,[vascular plants],Equisetopsida,Magnoliidae,Magnolianae,Magnoliales,Annonaceae,,,,,,pawpaw,,,,,,,,,,,,,pawpaw,pawpaw (English),pawpaw
Carya laciniosa (Michx.f.) Loudon,Carya,laciniosa,,,,,G,A,Carya laciniosa,,,,,,,2021-0010,,United States Botanic Garden,Seedling (plant),,,,,,,,,,,,,,,,,,,,,,,,,,,,,,,,,,,,,,,,,,,,,,,,,?,2019-09-19,,,,#1128; Secondary source: Bold Spring Nursery.,,,,,,,,,,,,,,,,,,,,,,,,,,,,,,,,,,W.H. BOYER,,"W.H. Boyer, Lanscape Services",,"W.H. Boyer, Landscaped Services",,Plant (plant),,,,,,,,,,,,,,2016-05,P,Planting,,,,,,,,,,,,,BP•,BP,Bartholdi Park,,,,,,,Existing,RD,Received,2016-05,jal,,1,,,,,,,,,,,,,,,,,,,,,,,,,,,,,,,,,,,,Allowed,Allowed,,,Allowed,Allowed,,,Allowed,Allowed,,,,,,,,,,,,,,,c07f6759-0a75-4ef1-a2b0-75b74cc261c9,d6f34de3-f93a-441c-bebc-2cda6169bf77,,jal,9/19/2019 9:50:32 AM,jal,9/19/2019 9:50:33 AM,[vascular plants],Equisetopsida,Magnoliidae,Rosanae,Fagales,Juglandaceae,,,,,,,,,,,,,,,,,,,,,
Castanea pumila (L.) Miller,Castanea,pumila,,,,,G,A,Castanea pumila,,,,,,,2019-0871,,"W.H. Boyer, Lanscape Services",Plant (plant),,,,,,,,,,,,,,,,,,,,,,,,,,,,,,,,,,,,,,,,,,,,,,,,,?,0000,,,,Recd. as: Castanea pumila,,,,,,,,,,,,,,,,,,,,,,,,,,,,,,,,,,NEARLY NATIVES NURSERY,,"Nearly Natives Nursery, Inc.",,Nearly Natives Nursery,,Plant (plant),,,,,,,,,,,,,,2007-04-10,P,Planting,,,,,,,,,,,,,NG•,NG,The National Garden,,22,,,,,Existing,I,Inspected,2012-03-02,kpw,,1,,,,,,,,,,,,,,,,,,,,,,,,,,,,,,,,,,,,Allowed,Allowed,,,Allowed,Allowed,,,Allowed,Allowed,,,,,,,,,,,,,,,B6C77AAF-47A5-47AD-900F-D988D6BC510F,22AB1E59-6037-47FA-9283-43398CB3501D,,kpw,4/16/2007 12:00:00 AM,kpw,4/16/2007 12:00:00 AM,[vascular plants],Equisetopsida,Magnoliidae,Rosanae,Fagales,Fagaceae,,,,,,Chinquapin,,,,,,,,,,,,,Chinquapin,Chinquapin (English),Chinquapin
Castanea pumila (L.) Miller,Castanea,pumila,,,,,U,A,Castanea pumila,,,,,,,2007-0421,,"Nearly Natives Nursery, Inc.",Plant (plant),,,,,,,,,,,,,,,,,,,,,,,,,,,,,,,,,,,,,,,,,,,,,,,,,?,0000,,,,Recd. as: Castanea pumila,,,,,,,,,,,,,,,,,,,,,,,,,,,,,,,,,,GARDENS UNLIMITED,,Gardens Unlimited,,Gardens Unlimited,,Plant (plant),,,,,,,,,,,,,,2014-06,P,Planting,,,,,,,,,,,,,NG•,NG,The National Garden,,,,,,,Existing,I,Inspected,2016-09-11,jal,,1,,,,,,,,,,,,,,,,,,,,,,,,,,,,,,,,,,,,Allowed,Allowed,,,Allowed,Allowed,,,Allowed,Allowed,,,,,,,,,,,,,,,735A8F3A-3607-49E8-B392-1B7A051ED01E,2BD455D5-ED91-48AD-B4B1-F4FE3765553D,,jal,9/11/2016 12:00:00 AM,jal,9/11/2016 12:00:00 AM,[vascular plants],Equisetopsida,Magnoliidae,Rosanae,Fagales,Fagaceae,,,,,,Chinquapin,,,,,,,,,,,,,Chinquapin,Chinquapin (English),Chinquapin
Castanea pumila (L.) Miller,Castanea,pumila,,,,,U,A,Castanea pumila,,,,,,,2016-0479,,Gardens Unlimited,Plant (plant),,,,,,,,,,,,,,,,,,,,,,,,,,,,,,,,,,,,,,,,,,,,,,,,,?,0000,,,,Recd. as: Castanea pumila,,,,,,,,,,,,,,,,,,,,,,,,,,,,,,,,,,GARDENS UNLIMITED,,Gardens Unlimited,,Gardens Unlimited,,Plant (plant),,,,,,,,,,,,,,2014-06,P,Planting,,,,,,,,,,,,,NG•,NG,The National Garden,,,,,,,Existing,I,Inspected,2016-09-11,jal,,1,,,,,,,,,,,,,,,,,,,,,,,,,,,,,,,,,,,,Allowed,Allowed,,,Allowed,Allowed,,,Allowed,Allowed,,,,,,,,,,,,,,,9517F670-F2FE-4073-AD46-C7A4EE6B94D6,8F4E5CB8-065A-4A72-876D-A9A2951840A5,,jal,9/11/2016 12:00:00 AM,jal,9/11/2016 12:00:00 AM,[vascular plants],Equisetopsida,Magnoliidae,Rosanae,Fagales,Fagaceae,,,,,,Chinquapin,,,,,,,,,,,,,Chinquapin,Chinquapin (English),Chinquapin
Corylus americana Marsh.,Corylus,americana,,,,,G,A,Corylus americana,,,,,,,2016-0480,,Gardens Unlimited,Plant (plant),,,,,,,,,,,,,,,,,,,,,,,,,,,,,,,,,,,,,,,,,,,,,,,,,?,0000,,,,Recd. as: Corylus americana,,,,,,,Recd.size: 1 gal.,,,,,,,,,,,,,,,,,,,,,,,,,,,NATURAL LANDSCAPES,,Natural Landscapes Nursery,,Natural Landscapes Nursery,,Plant (plant),,,,,,,,,,,,,,2008-05-02,P,Planting,,,,,,,,,,,,,NG•,NG,The National Garden,,27,,,,,Existing,P,Planted,2008-05-02,wbm,,1,,,,,,,,,,,,,,,,,,,,,,,,,,,,,,,,,,,,Allowed,Allowed,,,Allowed,Allowed,,,Allowed,Allowed,,,,,,,,,,,,,,,D948B921-75FF-4EF5-919D-7173B3B7C79F,55E1F278-A18D-4439-AB6E-E8D7DC8B985E,,kpw,9/16/2008 12:00:00 AM,kpw,9/16/2008 12:00:00 AM,[vascular plants],Equisetopsida,Magnoliidae,Rosanae,Fagales,Betulaceae,,,,,,American hazelnut,,,,,,,,,,,,,American hazelnut,American hazelnut (English),American hazelnut
Corylus americana Marsh.,Corylus,americana,,,,,U,A,Corylus americana,,,,,,,2008-0722,,Natural Landscapes Nursery,Plant (plant),,,,,,,,,,,,,,,,,,,,,,,,,,,,,,,,,,,,,,,,,,,,,,,,,?,0000,,,,Recd. as: Corylus americana,,,,,,,,,,,,,,,,,,,,,,,,,,,,,,,,,,MERRIFIELD,,Merrifield Garden Center,,Merrifield,,Plant (plant),,,,,,,,,,,,,,2016-12-19,P,Planting,,,,,,,,,,,,,BP•,BP,Bartholdi Park,,7,,,,,Existing,M,Moved,2017-04-07,jal,,1,,,,,,,,,,,,,,,,,,,,,,,,,,,,,,,,,,,,Allowed,Allowed,,,Allowed,Allowed,,,Allowed,Allowed,,,,,,,,,,,,,,,0B1A9D5C-B28D-417E-8ABD-BDCF46722283,88407216-1DCB-47E3-91A9-6996627F2AF7,,jal,4/7/2017 12:00:00 AM,jal,4/7/2017 12:00:00 AM,[vascular plants],Equisetopsida,Magnoliidae,Rosanae,Fagales,Betulaceae,,,,,,American hazelnut,,,,,,,,,,,,,American hazelnut,American hazelnut (English),American hazelnut
Corylus americana Marsh.,Corylus,americana,,,,,U,A,Corylus americana,,,,,,,2017-0146,,Merrifield Garden Center,Plant (plant),,,,,,,,,,,,,,,,,,,,,,,,,,,,,,,,,,,,,,,,,,,,,,,,,?,0000,,,,Recd. as: Corylus americana,,,,,,,,,,,,,,,,,,,,,,,,,,,,,,,,,,MERRIFIELD,,Merrifield Garden Center,,Merrifield,,Plant (plant),,,,,,,,,,,,,,2016-12-19,P,Planting,,,,,,,,,,,,,BP•,BP,Bartholdi Park,,7,,,,,Existing,M,Moved,2017-04-07,jal,,1,,,,,,,,,,,,,,,,,,,,,,,,,,,,,,,,,,,,Allowed,Allowed,,,Allowed,Allowed,,,Allowed,Allowed,,,,,,,,,,,,,,,A6B01BD1-C2E5-4E4E-A1A7-EBDE4AC67CC7,A5513CF4-DFA0-4C67-A7EB-578E7A3E9F41,,jal,4/7/2017 12:00:00 AM,jal,4/7/2017 12:00:00 AM,[vascular plants],Equisetopsida,Magnoliidae,Rosanae,Fagales,Betulaceae,,,,,,American hazelnut,,,,,,,,,,,,,American hazelnut,American hazelnut (English),American hazelnut
Diospyros texana Scheele,Diospyros,texana,,,,,G,A,Diospyros texana,,,,,,,2017-0147,,Merrifield Garden Center,Plant (plant),,,,,,,,,,,,,,,,,,,,,,,,,,,,,,,,,,,,,,,,,,,,,,,,,?,0000,,,,Recd. as: Diospyros texana. Male.,,,,,,,Recd.size: 15 gal.,,,,,,,,,,,,,,,,,,,,,,,,,,,NATIVE TEXAS NURSERY,,Native Texas Nursery,,Native Texas Nursery,,Plant (plant),,,,,,,,,,,,,,2003-04-01,P,Planting,,,,,,,,,,,,,WC•,WC,West Courtyard,,6,,,,,Existing,I,Inspected,2012-08-13,wbm,,1,,,,,,,,,,,,,,,,,,,,,,,,,,,,BCPL,1,OK,,,,,,Allowed,Allowed,,,Allowed,Allowed,,,Allowed,Allowed,,,,,,,,,,,,,,,210739AC-8957-4201-8376-FDC0C5265E95,92820775-0A00-456E-864E-4286CF08CD77,Per inventory,dsl,7/13/2005 12:00:00 AM,dsl,7/13/2005 12:00:00 AM,[vascular plants],Equisetopsida,Magnoliidae,Asteranae,Ericales,Ebenaceae,,,,,,Texas persimmon,chapote,,,,,,,,,,,,"Texas persimmon, chapote",Texas persimmon (English); chapote (Spanish),Texas persimmon
Diospyros texana Scheele,Diospyros,texana,,,,,G,A,Diospyros texana,,,,,,,2005-0561,,Native Texas Nursery,Plant (plant),,,,,,,,,,,,,,,,,,,,,,,,,,,,,,,,,,,,,,,,,,,,,,,,,?,0000,,,,Recd. as: Diospyros texana,,,,,,,Recd.size: 10 gal.,,,,,,,,,,,,,,,,,,,,,,,,,,,NATIVE TEXAS NURSERY,,Native Texas Nursery,,Native Texas Nursery,,Plant (plant),,,,,,,,,,,,,,2003-04-01,P,Planting,,,,,,,,,,,,,WC•,WC,West Courtyard,,5,,,,,Existing,I,Inspected,2012-09-10,wbm,,1,,,,,,,,,,,,,,,,,,,,,,,,,,,,BCPL,1,OK,,,,,,Allowed,Allowed,,,Allowed,Allowed,,,Allowed,Allowed,,,,,,,,,,,,,,,DD12D0B1-FF5A-45E3-BE87-388FFE03D799,0EF6A98D-9C20-4B83-A52E-71A72914D302,Per inventory,dsl,9/28/2005 12:00:00 AM,dsl,9/28/2005 12:00:00 AM,[vascular plants],Equisetopsida,Magnoliidae,Asteranae,Ericales,Ebenaceae,,,,,,Texas persimmon,chapote,,,,,,,,,,,,"Texas persimmon, chapote",Texas persimmon (English); chapote (Spanish),Texas persimmon
Diospyros virginiana L.,Diospyros,virginiana,,,,,G,A,Diospyros virginiana,,,,,,,2005-0629,,Native Texas Nursery,Plant (plant),,,,,,,,,,,,,,,,,,,,,,,,,,,,,,,,,,,,,,,,,,,,,,,,,"Lane, Dayna",2007-09-05,,,,Recd. as: Diospyros virginiana 'Ruby',,,,,,,"Recd.size: 6"" cal.",,,,,,,,,,,,,,,,,,,,,,,,,,,GILMORE PLANT & BULB,,Gilmore Plant and Bulb,,Gilmore Plant & Bulb,,Plant (plant),,,,,,,,,,,,,,2006-03-03,P,Planting,,,,,,,,,,,,,NG•,NG,The National Garden,,15,,,,,Existing,I,Inspected,2007-09-05,wbm,,1,,,,,,,,,,,,,,,,,,,,,,,,,,,,,,,,,,,,Allowed,Allowed,,,Allowed,Allowed,,,Allowed,Allowed,,,,,,,,,,,,,,,D15C279E-BC7C-40DA-A443-F7B592E127A8,5A05FD49-C5FA-4E81-965C-56D3A255C9BD,,kpw,3/6/2006 12:00:00 AM,kpw,3/6/2006 12:00:00 AM,[vascular plants],Equisetopsida,Magnoliidae,Asteranae,Ericales,Ebenaceae,,,,,,common persimmon,,,,,,,,,,,,,common persimmon,common persimmon (English),common persimmon
Diospyros virginiana L.,Diospyros,virginiana,,,,,G,A,Diospyros virginiana,,,,,,,2006-0143,,Gilmore Plant and Bulb,Plant (plant),,,,,,,,,,,,,,,,,,,,,,,,,,,,,,,,,,,,,,,,,,,,,,,,,"Lane, Dayna",2007-09-05,,,,Recd. as: Diospyros virginiana 'Ruby',,,,,,,"Recd.size: 6"" cal.",,,,,,,,,,,,,,,,,,,,,,,,,,,GILMORE PLANT & BULB,,Gilmore Plant and Bulb,,Gilmore Plant & Bulb,,Plant (plant),,,,,,,,,,,,,,2006-03-03,P,Planting,,,,,,,,,,,,,NG•,NG,The National Garden,,23,,,,,Existing,I,Inspected,2012-04-10,kpw,,1,,,,,,,,,,,,,,,,,,,,,,,,,,,,,,,,,,,,Allowed,Allowed,,,Allowed,Allowed,,,Allowed,Allowed,,,,,,,,,,,,,,,75B7159E-298C-418D-9C43-0E4E67B15C86,DAE65573-D324-4773-A72F-55A0D5ADB733,,kpw,3/6/2006 12:00:00 AM,kpw,3/6/2006 12:00:00 AM,[vascular plants],Equisetopsida,Magnoliidae,Asteranae,Ericales,Ebenaceae,,,,,,common persimmon,,,,,,,,,,,,,common persimmon,common persimmon (English),common persimmon
Diospyros virginiana L.,Diospyros,virginiana,,,,,G,A,Diospyros virginiana,,,,,,,2006-0144,,Gilmore Plant and Bulb,Plant (plant),,,,,,,,,,,,,,,,,,,,,,,,,,,,,,,,,,,,,,,,,,,,,,,,,"Lane, Dayna",2007-09-05,,,,Recd. as: Diospyros virginiana 'Ruby',,,,,,,"Recd.size: 6"" cal.",,,,,,,,,,,,,,,,,,,,,,,,,,,GILMORE PLANT & BULB,,Gilmore Plant and Bulb,,Gilmore Plant & Bulb,,Plant (plant),,,,,,,,,,,,,,2006-03-03,P,Planting,,,,,,,,,,,,,NG•,NG,The National Garden,,23,,,,,Existing,I,Inspected,2012-04-10,kpw,,1,,,,,,,,,,,,,,,,,,,,,,,,,,,,,,,,,,,,Allowed,Allowed,,,Allowed,Allowed,,,Allowed,Allowed,,,,,,,,,,,,,,,EFC076B7-C844-4B24-BAEE-02F8A858E04C,69EF5D73-95A8-487A-9260-CBECC0973E1A,,kpw,3/6/2006 12:00:00 AM,kpw,3/6/2006 12:00:00 AM,[vascular plants],Equisetopsida,Magnoliidae,Asteranae,Ericales,Ebenaceae,,,,,,common persimmon,,,,,,,,,,,,,common persimmon,common persimmon (English),common persimmon
Diospyros virginiana L.,Diospyros,virginiana,,,,,W,A,Diospyros virginiana,,,,,,,2006-0145,,Gilmore Plant and Bulb,Plant (plant),,,,,,,,,,,,,,,,,,,,,,,,,,,,,,,,,,,,,,,,,,,,,,,,"Montgomery Co., Maryland.",?,0000,,,,Recd. as: Diospyros virginiana,,,,,,,,,,,,,,,,,,,,,,,,,,,,,,,,,,"MCLAUGHLIN, WILLIAM",,William B. McLaughlin,,William McLaughlin,,Seed (prop. mat.),,,,,,,,,,,,,,2007-03-30,P,Planting,,,,,,,,,,,,,NG•,NG,The National Garden,,23,,,,,Existing,I,Inspected,2012-04-10,kpw,,1,,,,,,,,,,,,,,,,,,,,,,,,,,,,,,,,,,,,Allowed,Allowed,,,Allowed,Allowed,,,Allowed,Allowed,,,,,,,,,,,,,,,F2D2722B-CA56-49DB-9DC8-BF04388C48D1,B79323C8-CE60-471E-9B5C-6BE45DB45547,,kpw,4/24/2007 12:00:00 AM,kpw,4/24/2007 12:00:00 AM,[vascular plants],Equisetopsida,Magnoliidae,Asteranae,Ericales,Ebenaceae,,,,,,common persimmon,,,,,,,,,,,,,common persimmon,common persimmon (English),common persimmon
Diospyros sandwicensis (A.DC.) Fosberg,Diospyros,sandwicensis,,,,,G,A,Diospyros sandwicensis,,,,,,,2007-0477,,William B. McLaughlin,Seed (prop. mat.),,,,,,,,,,,,,,,,,,,,,,,,,,,,,,,,,,,,,,,,,,,,,,,,,?,0000,,,,Recd. as: Diospyros sandwicensis,,,,,,,Recd.size: 3 gal.,,,,,,,,,,,,,,,,,,,,,,,,,,,SMITHSONIAN,,Smithsonian Institution,,Smithsonian,,Plant (plant),,,,,,,,,,,,,,2013-05-28,P,Planting,,,,,,,,,,,,,PF•,PF,Production Facility,,,,,,,Existing,I,Inspected,2013-05-28,wbm,,1,,,,,,,,,,,,,,,,,,,,,,,,,,,,,,,,,,,,Allowed,Allowed,,,Allowed,Allowed,,,Allowed,Allowed,,,,,,,,,,,,,,,F4E04EC3-21A6-4F41-B944-953479C6DAC9,9856738A-08D6-4011-A12D-7A485C3AC749,,kpw,9/13/2013 12:00:00 AM,kpw,9/13/2013 12:00:00 AM,[vascular plants],Equisetopsida,Magnoliidae,Asteranae,Ericales,Ebenaceae,,,,,,lama,,,,,,,,,,,,,lama,lama (English),lama
Diospyros digyna Jacq.,Diospyros,digyna,,,,,U,A,Diospyros digyna,,,,,,,2013-0613,,Smithsonian Institution,Plant (plant),,,,,,,,,,,,,,,,,,,,,,,,,,,,,,,,,,,,,,,,,,,,,,,,,?,0000,,,,Recd. as: Diospyros digyna,,,,,,,,,,,,,,,,,,,,,,,,,,,,,,,,,,TOP TROPICALS,,Top Tropicals,,Top Tropicals,,Plant (plant),,,,,,,,,,,,,,2015-04-02,P,Planting,,,,,,,,,,,,,PF•,PF,Production Facility,,,,,,,Existing,P,Planted,2015-04-02,jal,,1,,,,,,,,,,,,,,,,,,,,,,,,,,,,,,,,,,,,Allowed,Allowed,,,Allowed,Allowed,,,Allowed,Allowed,,,,,,,,,,,,,,,85491B5D-7D87-423D-A0D8-DAD5CC16C30C,425DCEE0-7A8C-4B51-8F16-9938C0DBD4F2,,jal,4/16/2015 12:00:00 AM,jal,4/16/2015 12:00:00 AM,[vascular plants],Equisetopsida,Magnoliidae,Asteranae,Ericales,Ebenaceae,,,,,,black sapote,,,,,,,,,,,,,black sapote,black sapote (English),black sapote
Diospyros virginiana L. 'Meader',Diospyros,virginiana,,,,'Meader',U,A,Diospyros virginiana 'Meader',,,,,,,2015-0114,,Top Tropicals,Plant (plant),,,,,,,,,,,,,,,,,,,,,,,,,,,,,,,,,,,,,,,,,,,,,,,,,?,0000,,,,Recd. as: Diospyros virginiana 'Meader',,,,,,,Recd.size: 6 gal.,,,,,,,,,,,,,,,,,,,,,,,,,,,BEHNKE NURSERIES,,Behnke Nurseries Co.,,Behnke Nurseries,,Plant (plant),,,,,,,,,,,,,,2016-05,P,Planting,,,,,,,,,,,,,BP•,BP,Bartholdi Park,,7,,,,,Existing,M,Moved,2017-04-07,jal,,1,,,,,,,,,,,,,,,,,,,,,,,,,,,,,,,,,,,,Allowed,Allowed,,,Allowed,Allowed,,,Allowed,Allowed,,,,,,,,,,,,,,,077DC27C-DEA7-41EF-9002-F3983EE7E11D,7B29F94A-DDD1-47D2-B613-B773271D7DA9,,jal,7/12/2016 12:00:00 AM,jal,7/12/2016 12:00:00 AM,[vascular plants],Equisetopsida,Magnoliidae,Asteranae,Ericales,Ebenaceae,,,,,,common persimmon,,,,,,,,,,,,,common persimmon,common persimmon (English),common persimmon
Diospyros kaki Thunb.,Diospyros,kaki,,,,,G,A,Diospyros kaki,,,,,,,2016-0385,,Behnke Nurseries Co.,Plant (plant),,,,,,,,,,,,,,,,,,,,,,,,,,,,,,,,,,,,,,,,,,1,,,,,,,?,2020-11-23,,,,,,,,,,,,,,,,,,,,,,,,,,,,,,,,,,,,,,USBG,,United States Botanic Garden,,United States Botanic Garden,,Plant (plant),,,,,,,,,,,,,,,P,Planting,,,,,,,,,,,,,PF•,PF,Production Facility,,,,,,,Existing,Inv,Inspected - Inventory,2020-08-31,jal,,1,,,,,,,,,,,,,,,,38.818105,-77.016142,38.818105,-77.016142,,,,,,13,,,,,,,,,,,Allowed,Allowed,,,Allowed,Allowed,,,Allowed,Allowed,,,,,,,,,,,,,,,0d047789-b6ee-454e-b0da-f5eb293bd2ff,992b925e-3c0e-4765-9667-a1e20bd64a6d,#1,jal,8/31/2020 9:29:10 AM,jal,8/31/2020 9:29:12 AM,[vascular plants],Equisetopsida,Magnoliidae,Asteranae,Ericales,Ebenaceae,,,,,,Chinese persimmon,,,,,,,,,,,,,Chinese persimmon,Chinese persimmon (English),Chinese persimmon
Diospyros kaki Thunb.,Diospyros,kaki,,,,,G,A,Diospyros kaki,,,,,,,2020-0468,,United States Botanic Garden,Plant (plant),,,,,,,,,,,,,,,,,,,,,,,,,,,,,,,,,,,,,,,,,,2,,,,,,,?,2020-11-23,,,,,,,,,,,,,,,,,,,,,,,,,,,,,,,,,,,,,,USBG,,United States Botanic Garden,,United States Botanic Garden,,Plant (plant),,,,,,,,,,,,,,,P,Planting,,,,,,,,,,,,,PF•,PF,Production Facility,,,,,,,Existing,Inv,Inspected - Inventory,2020-08-31,jal,,1,,,,,,,,,,,,,,,,38.818165,-77.016048,38.818165,-77.016048,,,,,,13,,,,,,,,,,,Allowed,Allowed,,,Allowed,Allowed,,,Allowed,Allowed,,,,,,,,,,,,,,,67788054-5f9e-4e29-88de-241ea92733ce,4ece3b2a-5b85-420e-9293-fda75b2d5876,#2,jal,8/31/2020 9:32:58 AM,jal,8/31/2020 9:32:59 AM,[vascular plants],Equisetopsida,Magnoliidae,Asteranae,Ericales,Ebenaceae,,,,,,Chinese persimmon,,,,,,,,,,,,,Chinese persimmon,Chinese persimmon (English),Chinese persimmon
Diospyros kaki Thunb.,Diospyros,kaki,,,,,G,A,Diospyros kaki,,,,,,,2020-0469,,United States Botanic Garden,Plant (plant),,,,,,,,,,,,,,,,,,,,,,,,,,,,,,,,,,,,,,,,,,3,,,,,,,?,2020-11-23,,,,,,,,,,,,,,,,,,,,,,,,,,,,,,,,,,,,,,USBG,,United States Botanic Garden,,United States Botanic Garden,,Plant (plant),,,,,,,,,,,,,,,P,Planting,,,,,,,,,,,,,PF•,PF,Production Facility,,,,,,,Existing,Inv,Inspected - Inventory,2020-08-31,jal,,1,,,,,,,,,,,,,,,,38.818105,-77.016142,38.818105,-77.016142,,,,,,,,,,,,,,,,,Allowed,Allowed,,,Allowed,Allowed,,,Allowed,Allowed,,,,,,,,,,,,,,,d41af78c-87ce-4700-8cae-72915560bd85,3903e5b3-cd34-459e-80d4-a19120fd447d,#3,jal,8/31/2020 9:50:37 AM,jal,8/31/2020 9:50:38 AM,[vascular plants],Equisetopsida,Magnoliidae,Asteranae,Ericales,Ebenaceae,,,,,,Chinese persimmon,,,,,,,,,,,,,Chinese persimmon,Chinese persimmon (English),Chinese persimmon
Diospyros virginiana L.,Diospyros,virginiana,,,,,G,A,Diospyros virginiana,,,,,,,2020-0470,,United States Botanic Garden,Plant (plant),,,,,,,,,,,,,,,,,,,,,,,,,,,,,,,,,,,,,,,,,,66,,,,,,,?,2020-09-09,,,,PF Grounds. #66,,,,,,,,,,,,,,,,,,,,,,,,,,,,,,,,,,USBG,,United States Botanic Garden,,United States Botanic Garden,,Plant (plant),,,,,,,,,,,,,,,P,Planting,,,,,,,,,,,,,PF•,PF,Production Facility,,,,,,,Existing,Inv,Inspected - Inventory,2020-09-09,jal,,1,,,,,,,,,,,,,,,,38.819839,-77.0159,38.819839,-77.0159,,,,,,9.5,,,,,,,,,,,Allowed,Allowed,,,Allowed,Allowed,,,Allowed,Allowed,,,,,,,,,,,,,,,052eff8b-bf24-4a66-9821-e1927477a7ec,b615d209-6a75-4d7e-86a3-e14d5436d99a,#66,jal,9/9/2020 8:25:35 AM,jal,9/9/2020 8:25:36 AM,[vascular plants],Equisetopsida,Magnoliidae,Asteranae,Ericales,Ebenaceae,,,,,,common persimmon,,,,,,,,,,,,,common persimmon,common persimmon (English),common persimmon
Diospyros virginiana L.,Diospyros,virginiana,,,,,G,A,Diospyros virginiana,,,,,,,2020-0534,,United States Botanic Garden,Plant (plant),,,,,,,,,,,,,,,,,,,,,,,,,,,,,,,,,,,,,,,,,,67,,,,,,,?,2020-09-09,,,,PF Grounds. #67,,,,,,,,,,,,,,,,,,,,,,,,,,,,,,,,,,USBG,,United States Botanic Garden,,United States Botanic Garden,,Plant (plant),,,,,,,,,,,,,,,P,Planting,,,,,,,,,,,,,PF•,PF,Production Facility,,,,,,,Existing,Inv,Inspected - Inventory,2020-09-09,jal,,1,,,,,,,,,,,,,,,,38.819837,-77.015912,38.819837,-77.015912,,,,,,9.2,,,,,,,,,,,Allowed,Allowed,,,Allowed,Allowed,,,Allowed,Allowed,,,,,,,,,,,,,,,739749e3-6b06-4ee6-b708-454fe73d528d,830bcf4e-eec9-4b34-953f-f010640ca4fc,#67,jal,9/9/2020 8:28:26 AM,jal,9/9/2020 8:28:28 AM,[vascular plants],Equisetopsida,Magnoliidae,Asteranae,Ericales,Ebenaceae,,,,,,common persimmon,,,,,,,,,,,,,common persimmon,common persimmon (English),common persimmon
Diospyros virginiana L.,Diospyros,virginiana,,,,,G,A,Diospyros virginiana,,,,,,,2020-0535,,United States Botanic Garden,Plant (plant),,,,,,,,,,,,,,,,,,,,,,,,,,,,,,,,,,,,,,,,,,68,,,,,,,?,2020-09-09,,,,PF Grounds. #68,,,,,,,,,,,,,,,,,,,,,,,,,,,,,,,,,,USBG,,United States Botanic Garden,,United States Botanic Garden,,Plant (plant),,,,,,,,,,,,,,,P,Planting,,,,,,,,,,,,,PF•,PF,Production Facility,,,,,,,Existing,Inv,Inspected - Inventory,2020-09-09,jal,,1,,,,,,,,,,,,,,,,38.8198,-77.01593,38.8198,-77.01593,,,,,,9.2,,,,,,,,,,,Allowed,Allowed,,,Allowed,Allowed,,,Allowed,Allowed,,,,,,,,,,,,,,,250a6ba7-7a9c-4436-be63-293658355c09,ca8a4974-8310-4bab-9978-4270fdfb118d,#68,jal,9/9/2020 8:30:42 AM,jal,9/9/2020 8:30:43 AM,[vascular plants],Equisetopsida,Magnoliidae,Asteranae,Ericales,Ebenaceae,,,,,,common persimmon,,,,,,,,,,,,,common persimmon,common persimmon (English),common persimmon
Diospyros virginiana L.,Diospyros,virginiana,,,,,G,A,Diospyros virginiana,,,,,,,2020-0536,,United States Botanic Garden,Plant (plant),,,,,,,,,,,,,,,,,,,,,,,,,,,,,,,,,,,,,,,,,,70,,,,,,,?,2020-09-09,,,,PF Grounds. #70,,,,,,,,,,,,,,,,,,,,,,,,,,,,,,,,,,USBG,,United States Botanic Garden,,United States Botanic Garden,,Plant (plant),,,,,,,,,,,,,,,P,Planting,,,,,,,,,,,,,PF•,PF,Production Facility,,,,,,,Existing,Inv,Inspected - Inventory,2020-09-09,jal,,1,,,,,,,,,,,,,,,,38.819744,-77.01583,38.819744,-77.01583,,,,,,9.8,,,,,,,,,,,Allowed,Allowed,,,Allowed,Allowed,,,Allowed,Allowed,,,,,,,,,,,,,,,a04a9107-5188-4fa3-b1a9-b60708d47ebf,d01d0987-cfad-4d88-bb93-06365c5ce17f,#70,jal,9/9/2020 8:34:54 AM,jal,9/9/2020 8:34:55 AM,[vascular plants],Equisetopsida,Magnoliidae,Asteranae,Ericales,Ebenaceae,,,,,,common persimmon,,,,,,,,,,,,,common persimmon,common persimmon (English),common persimmon
Diospyros texana Scheele,Diospyros,texana,,,,,G,A,Diospyros texana,,,,,,,2020-0538,,United States Botanic Garden,Plant (plant),,,,,,,,,,,,,,,,,,,,,,,,,,,,,,,,,,,,,,,,,,,,,,,,,?,0000,,,,Recd. as: Diospyros texana. Male.,,,,,,,Recd.size: 15 gal.,,,,,,,,,,,,,,,,,,,,,,,,,,,NATIVE TEXAS NURSERY,,Native Texas Nursery,,Native Texas Nursery,,Plant (plant),,,,,,,,,,,,,,2003-04-01,P,Planting,,,,,,,,,,,,,WC•,WC,West Courtyard,,6,,,,,Existing,I,Inspected,2012-08-13,wbm,,1,,,,,,,,,,,,,,,,,,,,,,,,,,,,BCPL,1,OK,,,,,,Allowed,Allowed,,,Allowed,Allowed,,,Allowed,Allowed,,,,,,,,,,,,,,,210739AC-8957-4201-8376-FDC0C5265E95,92820775-0A00-456E-864E-4286CF08CD77,Per inventory,dsl,7/13/2005 12:00:00 AM,dsl,7/13/2005 12:00:00 AM,[vascular plants],Equisetopsida,Magnoliidae,Asteranae,Ericales,Ebenaceae,,,,,,Texas persimmon,chapote,,,,,,,,,,,,"Texas persimmon, chapote",Texas persimmon (English); chapote (Spanish),Texas persimmon
Diospyros texana Scheele,Diospyros,texana,,,,,G,A,Diospyros texana,,,,,,,2007-0924,,Edible Landscaping,Plant (plant),,,,,,,,,,,,,,,,,,,,,,,,,,,,,,,,,,,,,,,,,,,,,,,,,?,0000,,,,Recd. as: Diospyros texana,,,,,,,Recd.size: 10 gal.,,,,,,,,,,,,,,,,,,,,,,,,,,,NATIVE TEXAS NURSERY,,Native Texas Nursery,,Native Texas Nursery,,Plant (plant),,,,,,,,,,,,,,2003-04-01,P,Planting,,,,,,,,,,,,,WC•,WC,West Courtyard,,5,,,,,Existing,I,Inspected,2012-09-10,wbm,,1,,,,,,,,,,,,,,,,,,,,,,,,,,,,BCPL,1,OK,,,,,,Allowed,Allowed,,,Allowed,Allowed,,,Allowed,Allowed,,,,,,,,,,,,,,,DD12D0B1-FF5A-45E3-BE87-388FFE03D799,0EF6A98D-9C20-4B83-A52E-71A72914D302,Per inventory,dsl,9/28/2005 12:00:00 AM,dsl,9/28/2005 12:00:00 AM,[vascular plants],Equisetopsida,Magnoliidae,Asteranae,Ericales,Ebenaceae,,,,,,Texas persimmon,chapote,,,,,,,,,,,,"Texas persimmon, chapote",Texas persimmon (English); chapote (Spanish),Texas persimmon
Diospyros virginiana L.,Diospyros,virginiana,,,,,G,A,Diospyros virginiana,,,,,,,2007-0925,,Edible Landscaping,Plant (plant),,,,,,,,,,,,,,,,,,,,,,,,,,,,,,,,,,,,,,,,,,,,,,,,,"Lane, Dayna",2007-09-05,,,,Recd. as: Diospyros virginiana 'Ruby',,,,,,,"Recd.size: 6"" cal.",,,,,,,,,,,,,,,,,,,,,,,,,,,GILMORE PLANT & BULB,,Gilmore Plant and Bulb,,Gilmore Plant & Bulb,,Plant (plant),,,,,,,,,,,,,,2006-03-03,P,Planting,,,,,,,,,,,,,NG•,NG,The National Garden,,15,,,,,Existing,I,Inspected,2007-09-05,wbm,,1,,,,,,,,,,,,,,,,,,,,,,,,,,,,,,,,,,,,Allowed,Allowed,,,Allowed,Allowed,,,Allowed,Allowed,,,,,,,,,,,,,,,D15C279E-BC7C-40DA-A443-F7B592E127A8,5A05FD49-C5FA-4E81-965C-56D3A255C9BD,,kpw,3/6/2006 12:00:00 AM,kpw,3/6/2006 12:00:00 AM,[vascular plants],Equisetopsida,Magnoliidae,Asteranae,Ericales,Ebenaceae,,,,,,common persimmon,,,,,,,,,,,,,common persimmon,common persimmon (English),common persimmon
Diospyros virginiana L.,Diospyros,virginiana,,,,,G,A,Diospyros virginiana,,,,,,,2010-0174,,Forest Farm,Plant (plant),,,,,,,,,,,,,,,,,,,,,,,,,,,,,,,,,,,,,,,,,,,,,,,,,"Lane, Dayna",2007-09-05,,,,Recd. as: Diospyros virginiana 'Ruby',,,,,,,"Recd.size: 6"" cal.",,,,,,,,,,,,,,,,,,,,,,,,,,,GILMORE PLANT & BULB,,Gilmore Plant and Bulb,,Gilmore Plant & Bulb,,Plant (plant),,,,,,,,,,,,,,2006-03-03,P,Planting,,,,,,,,,,,,,NG•,NG,The National Garden,,23,,,,,Existing,I,Inspected,2012-04-10,kpw,,1,,,,,,,,,,,,,,,,,,,,,,,,,,,,,,,,,,,,Allowed,Allowed,,,Allowed,Allowed,,,Allowed,Allowed,,,,,,,,,,,,,,,75B7159E-298C-418D-9C43-0E4E67B15C86,DAE65573-D324-4773-A72F-55A0D5ADB733,,kpw,3/6/2006 12:00:00 AM,kpw,3/6/2006 12:00:00 AM,[vascular plants],Equisetopsida,Magnoliidae,Asteranae,Ericales,Ebenaceae,,,,,,common persimmon,,,,,,,,,,,,,common persimmon,common persimmon (English),common persimmon
Diospyros virginiana L.,Diospyros,virginiana,,,,,G,A,Diospyros virginiana,,,,,,,2012-0109,,Waverly Farm,Plant (plant),,,,,,,,,,,,,,,,,,,,,,,,,,,,,,,,,,,,,,,,,,,,,,,,,"Lane, Dayna",2007-09-05,,,,Recd. as: Diospyros virginiana 'Ruby',,,,,,,"Recd.size: 6"" cal.",,,,,,,,,,,,,,,,,,,,,,,,,,,GILMORE PLANT & BULB,,Gilmore Plant and Bulb,,Gilmore Plant & Bulb,,Plant (plant),,,,,,,,,,,,,,2006-03-03,P,Planting,,,,,,,,,,,,,NG•,NG,The National Garden,,23,,,,,Existing,I,Inspected,2012-04-10,kpw,,1,,,,,,,,,,,,,,,,,,,,,,,,,,,,,,,,,,,,Allowed,Allowed,,,Allowed,Allowed,,,Allowed,Allowed,,,,,,,,,,,,,,,EFC076B7-C844-4B24-BAEE-02F8A858E04C,69EF5D73-95A8-487A-9260-CBECC0973E1A,,kpw,3/6/2006 12:00:00 AM,kpw,3/6/2006 12:00:00 AM,[vascular plants],Equisetopsida,Magnoliidae,Asteranae,Ericales,Ebenaceae,,,,,,common persimmon,,,,,,,,,,,,,common persimmon,common persimmon (English),common persimmon
Diospyros virginiana L.,Diospyros,virginiana,,,,,W,A,Diospyros virginiana,,,,,,,2012-0110,,Waverly Farm,Plant (plant),,,,,,,,,,,,,,,,,,,,,,,,,,,,,,,,,,,,,,,,,,,,,,,,"Montgomery Co., Maryland.",?,0000,,,,Recd. as: Diospyros virginiana,,,,,,,,,,,,,,,,,,,,,,,,,,,,,,,,,,"MCLAUGHLIN, WILLIAM",,William B. McLaughlin,,William McLaughlin,,Seed (prop. mat.),,,,,,,,,,,,,,2007-03-30,P,Planting,,,,,,,,,,,,,NG•,NG,The National Garden,,23,,,,,Existing,I,Inspected,2012-04-10,kpw,,1,,,,,,,,,,,,,,,,,,,,,,,,,,,,,,,,,,,,Allowed,Allowed,,,Allowed,Allowed,,,Allowed,Allowed,,,,,,,,,,,,,,,F2D2722B-CA56-49DB-9DC8-BF04388C48D1,B79323C8-CE60-471E-9B5C-6BE45DB45547,,kpw,4/24/2007 12:00:00 AM,kpw,4/24/2007 12:00:00 AM,[vascular plants],Equisetopsida,Magnoliidae,Asteranae,Ericales,Ebenaceae,,,,,,common persimmon,,,,,,,,,,,,,common persimmon,common persimmon (English),common persimmon
Diospyros sandwicensis (A.DC.) Fosberg,Diospyros,sandwicensis,,,,,G,A,Diospyros sandwicensis,,,,,,,2012-0111,,Waverly Farm,Plant (plant),,,,,,,,,,,,,,,,,,,,,,,,,,,,,,,,,,,,,,,,,,,,,,,,,?,0000,,,,Recd. as: Diospyros sandwicensis,,,,,,,Recd.size: 3 gal.,,,,,,,,,,,,,,,,,,,,,,,,,,,SMITHSONIAN,,Smithsonian Institution,,Smithsonian,,Plant (plant),,,,,,,,,,,,,,2013-05-28,P,Planting,,,,,,,,,,,,,PF•,PF,Production Facility,,,,,,,Existing,I,Inspected,2013-05-28,wbm,,1,,,,,,,,,,,,,,,,,,,,,,,,,,,,,,,,,,,,Allowed,Allowed,,,Allowed,Allowed,,,Allowed,Allowed,,,,,,,,,,,,,,,F4E04EC3-21A6-4F41-B944-953479C6DAC9,9856738A-08D6-4011-A12D-7A485C3AC749,,kpw,9/13/2013 12:00:00 AM,kpw,9/13/2013 12:00:00 AM,[vascular plants],Equisetopsida,Magnoliidae,Asteranae,Ericales,Ebenaceae,,,,,,lama,,,,,,,,,,,,,lama,lama (English),lama
Diospyros digyna Jacq.,Diospyros,digyna,,,,,U,A,Diospyros digyna,,,,,,,2016-0310,,United States Botanic Garden,Plant (plant),,,,,,,,,,,,,,,,,,,,,,,,,,,,,,,,,,,,,,,,,,,,,,,,,?,0000,,,,Recd. as: Diospyros digyna,,,,,,,,,,,,,,,,,,,,,,,,,,,,,,,,,,TOP TROPICALS,,Top Tropicals,,Top Tropicals,,Plant (plant),,,,,,,,,,,,,,2015-04-02,P,Planting,,,,,,,,,,,,,PF•,PF,Production Facility,,,,,,,Existing,P,Planted,2015-04-02,jal,,1,,,,,,,,,,,,,,,,,,,,,,,,,,,,,,,,,,,,Allowed,Allowed,,,Allowed,Allowed,,,Allowed,Allowed,,,,,,,,,,,,,,,85491B5D-7D87-423D-A0D8-DAD5CC16C30C,425DCEE0-7A8C-4B51-8F16-9938C0DBD4F2,,jal,4/16/2015 12:00:00 AM,jal,4/16/2015 12:00:00 AM,[vascular plants],Equisetopsida,Magnoliidae,Asteranae,Ericales,Ebenaceae,,,,,,black sapote,,,,,,,,,,,,,black sapote,black sapote (English),black sapote
Diospyros virginiana L. 'Meader',Diospyros,virginiana,,,,'Meader',U,A,Diospyros virginiana 'Meader',,,,,,,2019-0920,,"W.H. Boyer, Lanscape Services",Plant (plant),,,,,,,,,,,,,,,,,,,,,,,,,,,,,,,,,,,,,,,,,,,,,,,,,?,0000,,,,Recd. as: Diospyros virginiana 'Meader',,,,,,,Recd.size: 6 gal.,,,,,,,,,,,,,,,,,,,,,,,,,,,BEHNKE NURSERIES,,Behnke Nurseries Co.,,Behnke Nurseries,,Plant (plant),,,,,,,,,,,,,,2016-05,P,Planting,,,,,,,,,,,,,BP•,BP,Bartholdi Park,,7,,,,,Existing,M,Moved,2017-04-07,jal,,1,,,,,,,,,,,,,,,,,,,,,,,,,,,,,,,,,,,,Allowed,Allowed,,,Allowed,Allowed,,,Allowed,Allowed,,,,,,,,,,,,,,,077DC27C-DEA7-41EF-9002-F3983EE7E11D,7B29F94A-DDD1-47D2-B613-B773271D7DA9,,jal,7/12/2016 12:00:00 AM,jal,7/12/2016 12:00:00 AM,[vascular plants],Equisetopsida,Magnoliidae,Asteranae,Ericales,Ebenaceae,,,,,,common persimmon,,,,,,,,,,,,,common persimmon,common persimmon (English),common persimmon
Diospyros kaki Thunb.,Diospyros,kaki,,,,,G,A,Diospyros kaki,,,,,,,2007-0408,,"Nearly Natives Nursery, Inc.",Plant (plant),,,,,,,,,,,,,,,,,,,,,,,,,,,,,,,,,,,,,,,,,,1,,,,,,,?,2020-11-23,,,,,,,,,,,,,,,,,,,,,,,,,,,,,,,,,,,,,,USBG,,United States Botanic Garden,,United States Botanic Garden,,Plant (plant),,,,,,,,,,,,,,,P,Planting,,,,,,,,,,,,,PF•,PF,Production Facility,,,,,,,Existing,Inv,Inspected - Inventory,2020-08-31,jal,,1,,,,,,,,,,,,,,,,38.818105,-77.016142,38.818105,-77.016142,,,,,,13,,,,,,,,,,,Allowed,Allowed,,,Allowed,Allowed,,,Allowed,Allowed,,,,,,,,,,,,,,,0d047789-b6ee-454e-b0da-f5eb293bd2ff,992b925e-3c0e-4765-9667-a1e20bd64a6d,#1,jal,8/31/2020 9:29:10 AM,jal,8/31/2020 9:29:12 AM,[vascular plants],Equisetopsida,Magnoliidae,Asteranae,Ericales,Ebenaceae,,,,,,Chinese persimmon,,,,,,,,,,,,,Chinese persimmon,Chinese persimmon (English),Chinese persimmon
Diospyros kaki Thunb.,Diospyros,kaki,,,,,G,A,Diospyros kaki,,,,,,,2007-0409,,"Nearly Natives Nursery, Inc.",Plant (plant),,,,,,,,,,,,,,,,,,,,,,,,,,,,,,,,,,,,,,,,,,2,,,,,,,?,2020-11-23,,,,,,,,,,,,,,,,,,,,,,,,,,,,,,,,,,,,,,USBG,,United States Botanic Garden,,United States Botanic Garden,,Plant (plant),,,,,,,,,,,,,,,P,Planting,,,,,,,,,,,,,PF•,PF,Production Facility,,,,,,,Existing,Inv,Inspected - Inventory,2020-08-31,jal,,1,,,,,,,,,,,,,,,,38.818165,-77.016048,38.818165,-77.016048,,,,,,13,,,,,,,,,,,Allowed,Allowed,,,Allowed,Allowed,,,Allowed,Allowed,,,,,,,,,,,,,,,67788054-5f9e-4e29-88de-241ea92733ce,4ece3b2a-5b85-420e-9293-fda75b2d5876,#2,jal,8/31/2020 9:32:58 AM,jal,8/31/2020 9:32:59 AM,[vascular plants],Equisetopsida,Magnoliidae,Asteranae,Ericales,Ebenaceae,,,,,,Chinese persimmon,,,,,,,,,,,,,Chinese persimmon,Chinese persimmon (English),Chinese persimmon
Diospyros kaki Thunb.,Diospyros,kaki,,,,,G,A,Diospyros kaki,,,,,,,2007-0410,,"Nearly Natives Nursery, Inc.",Plant (plant),,,,,,,,,,,,,,,,,,,,,,,,,,,,,,,,,,,,,,,,,,3,,,,,,,?,2020-11-23,,,,,,,,,,,,,,,,,,,,,,,,,,,,,,,,,,,,,,USBG,,United States Botanic Garden,,United States Botanic Garden,,Plant (plant),,,,,,,,,,,,,,,P,Planting,,,,,,,,,,,,,PF•,PF,Production Facility,,,,,,,Existing,Inv,Inspected - Inventory,2020-08-31,jal,,1,,,,,,,,,,,,,,,,38.818105,-77.016142,38.818105,-77.016142,,,,,,,,,,,,,,,,,Allowed,Allowed,,,Allowed,Allowed,,,Allowed,Allowed,,,,,,,,,,,,,,,d41af78c-87ce-4700-8cae-72915560bd85,3903e5b3-cd34-459e-80d4-a19120fd447d,#3,jal,8/31/2020 9:50:37 AM,jal,8/31/2020 9:50:38 AM,[vascular plants],Equisetopsida,Magnoliidae,Asteranae,Ericales,Ebenaceae,,,,,,Chinese persimmon,,,,,,,,,,,,,Chinese persimmon,Chinese persimmon (English),Chinese persimmon
Diospyros virginiana L.,Diospyros,virginiana,,,,,G,A,Diospyros virginiana,,,,,,,2007-0411,,"Nearly Natives Nursery, Inc.",Plant (plant),,,,,,,,,,,,,,,,,,,,,,,,,,,,,,,,,,,,,,,,,,66,,,,,,,?,2020-09-09,,,,PF Grounds. #66,,,,,,,,,,,,,,,,,,,,,,,,,,,,,,,,,,USBG,,United States Botanic Garden,,United States Botanic Garden,,Plant (plant),,,,,,,,,,,,,,,P,Planting,,,,,,,,,,,,,PF•,PF,Production Facility,,,,,,,Existing,Inv,Inspected - Inventory,2020-09-09,jal,,1,,,,,,,,,,,,,,,,38.819839,-77.0159,38.819839,-77.0159,,,,,,9.5,,,,,,,,,,,Allowed,Allowed,,,Allowed,Allowed,,,Allowed,Allowed,,,,,,,,,,,,,,,052eff8b-bf24-4a66-9821-e1927477a7ec,b615d209-6a75-4d7e-86a3-e14d5436d99a,#66,jal,9/9/2020 8:25:35 AM,jal,9/9/2020 8:25:36 AM,[vascular plants],Equisetopsida,Magnoliidae,Asteranae,Ericales,Ebenaceae,,,,,,common persimmon,,,,,,,,,,,,,common persimmon,common persimmon (English),common persimmon
Diospyros virginiana L.,Diospyros,virginiana,,,,,G,A,Diospyros virginiana,,,,,,,2008-0047,,Jene's Tropicals,Plant (plant),,,,,,,,,,,,,,,,,,,,,,,,,,,,,,,,,,,,,,,,,,67,,,,,,,?,2020-09-09,,,,PF Grounds. #67,,,,,,,,,,,,,,,,,,,,,,,,,,,,,,,,,,USBG,,United States Botanic Garden,,United States Botanic Garden,,Plant (plant),,,,,,,,,,,,,,,P,Planting,,,,,,,,,,,,,PF•,PF,Production Facility,,,,,,,Existing,Inv,Inspected - Inventory,2020-09-09,jal,,1,,,,,,,,,,,,,,,,38.819837,-77.015912,38.819837,-77.015912,,,,,,9.2,,,,,,,,,,,Allowed,Allowed,,,Allowed,Allowed,,,Allowed,Allowed,,,,,,,,,,,,,,,739749e3-6b06-4ee6-b708-454fe73d528d,830bcf4e-eec9-4b34-953f-f010640ca4fc,#67,jal,9/9/2020 8:28:26 AM,jal,9/9/2020 8:28:28 AM,[vascular plants],Equisetopsida,Magnoliidae,Asteranae,Ericales,Ebenaceae,,,,,,common persimmon,,,,,,,,,,,,,common persimmon,common persimmon (English),common persimmon
Diospyros virginiana L.,Diospyros,virginiana,,,,,G,A,Diospyros virginiana,,,,,,,2008-0049,,Jene's Tropicals,Plant (plant),,,,,,,,,,,,,,,,,,,,,,,,,,,,,,,,,,,,,,,,,,68,,,,,,,?,2020-09-09,,,,PF Grounds. #68,,,,,,,,,,,,,,,,,,,,,,,,,,,,,,,,,,USBG,,United States Botanic Garden,,United States Botanic Garden,,Plant (plant),,,,,,,,,,,,,,,P,Planting,,,,,,,,,,,,,PF•,PF,Production Facility,,,,,,,Existing,Inv,Inspected - Inventory,2020-09-09,jal,,1,,,,,,,,,,,,,,,,38.8198,-77.01593,38.8198,-77.01593,,,,,,9.2,,,,,,,,,,,Allowed,Allowed,,,Allowed,Allowed,,,Allowed,Allowed,,,,,,,,,,,,,,,250a6ba7-7a9c-4436-be63-293658355c09,ca8a4974-8310-4bab-9978-4270fdfb118d,#68,jal,9/9/2020 8:30:42 AM,jal,9/9/2020 8:30:43 AM,[vascular plants],Equisetopsida,Magnoliidae,Asteranae,Ericales,Ebenaceae,,,,,,common persimmon,,,,,,,,,,,,,common persimmon,common persimmon (English),common persimmon
Diospyros virginiana L.,Diospyros,virginiana,,,,,G,A,Diospyros virginiana,,,,,,,2011-0118,,Logee's Greenhouses,Plant (plant),,,,,,,,,,,,,,,,,,,,,,,,,,,,,,,,,,,,,,,,,,70,,,,,,,?,2020-09-09,,,,PF Grounds. #70,,,,,,,,,,,,,,,,,,,,,,,,,,,,,,,,,,USBG,,United States Botanic Garden,,United States Botanic Garden,,Plant (plant),,,,,,,,,,,,,,,P,Planting,,,,,,,,,,,,,PF•,PF,Production Facility,,,,,,,Existing,Inv,Inspected - Inventory,2020-09-09,jal,,1,,,,,,,,,,,,,,,,38.819744,-77.01583,38.819744,-77.01583,,,,,,9.8,,,,,,,,,,,Allowed,Allowed,,,Allowed,Allowed,,,Allowed,Allowed,,,,,,,,,,,,,,,a04a9107-5188-4fa3-b1a9-b60708d47ebf,d01d0987-cfad-4d88-bb93-06365c5ce17f,#70,jal,9/9/2020 8:34:54 AM,jal,9/9/2020 8:34:55 AM,[vascular plants],Equisetopsida,Magnoliidae,Asteranae,Ericales,Ebenaceae,,,,,,common persimmon,,,,,,,,,,,,,common persimmon,common persimmon (English),common persimmon
Malus domestica Borkh. 'Co-op 32' Pristine™,Malus,domestica,,,,'Co-op 32',G,A,Malus domestica 'Co-op 32' Pristine™,,,,,,,2011-0440,,Mt. Cuba Center,Plant (plant),,,,,,,,,,,,,,,,,,,,,,,,,,,,,,,,,,,,,,,,,,,,,,,,,?,0000,,,,Recd. as: Malus 'Pristine',,,,,,,Recd.size: 7 gal.,,,,,,,,,,,,,,,,,,,,,,,,,,,EDIBLE LANDSCAPING,,Edible Landscaping,,Edible Lands.,,Plant (plant),,,,,,,,,,,,,,2006-03-10,P,Planting,,,,,,,,,,,,,CG•,CG,Children's Garden,,,,,,,Existing,I,Inspected,2007-08-21,dsl,,1,,,,,,,,,,,,,,,,,,,,,,,,,,,,,,,,,,,,Allowed,Allowed,,,Allowed,Allowed,,,Allowed,Allowed,,,,,,,,,,,,,,,1F3AEB7B-8A7E-4862-914E-FB82EEFC905C,1328063A-564D-43D5-B698-85CE92B593AE,,dsl,8/21/2007 12:00:00 AM,dsl,8/21/2007 12:00:00 AM,[vascular plants],Equisetopsida,Magnoliidae,Rosanae,Rosales,Rosaceae,,,,,,apple,,,,,,,,,,,,,apple,apple (English),apple
Malus domestica Borkh. 'William's Pride',Malus,domestica,,,,'William's Pride',G,A,Malus domestica 'William's Pride',,,,,,,2015-0120,,Top Tropicals,Plant (plant),,,,,,,,,,,,,,,,,,,,,,,,,,,,,,,,,,,,,,,,,,,,,,,,,?,0000,,,,Recd. as: Malus 'William's Pride',,,,,,,Recd.size: 7 gal.,,,,,,,,,,,,,,,,,,,,,,,,,,,EDIBLE LANDSCAPING,,Edible Landscaping,,Edible Lands.,,Plant (plant),,,,,,,,,,,,,,2006-03-10,P,Planting,,,,,,,,,,,,,CG•,CG,Children's Garden,,,,,,,Existing,I,Inspected,2007-08-21,dsl,,1,,,,,,,,,,,,,,,,,,,,,,,,,,,,,,,,,,,,Allowed,Allowed,,,Allowed,Allowed,,,Allowed,Allowed,,,,,,,,,,,,,,,462E6BDF-B700-4A92-9EF9-4B1238952DD3,B8BCDF36-2196-4551-9729-E555989E9A51,,dsl,8/21/2007 12:00:00 AM,dsl,8/21/2007 12:00:00 AM,[vascular plants],Equisetopsida,Magnoliidae,Rosanae,Rosales,Rosaceae,,,,,,apple,,,,,,,,,,,,,apple,apple (English),apple
Malus angustifolia Michx.,Malus,angustifolia,,,,,U,A,Malus angustifolia,,,,,,,2016-0181,,Top Tropicals,Plant (plant),,,,,,,,,,,,,,,,,,,,,,,,,,,,,,,,,,,,,,,,,,,,,,,,,?,0000,,,,Recd. as: Malus angustifolia,,,,,,,,,,,,,,,,,,,,,,,,,,,,,,,,,,FOREST FARM,,Forest Farm,,Forest Farm,,Plant (plant),,,,,,,,,,,,,,2010-04-05,P,Planting,,,,,,,,,,,,,NG•,NG,The National Garden,,10,,,,,Existing,M,Moved,2012-04-19,ma,,1,,,,,,,,,,,,,,,,,,,,,,,,,,,,,,,,,,,,Allowed,Allowed,,,Allowed,Allowed,,,Allowed,Allowed,,,,,,,,,,,,,,,9877A378-543D-4C1B-9A44-0048EA79FE7D,D30C1DC7-7824-4ADC-8484-8B25580F774C,,jal,4/17/2010 12:00:00 AM,jal,4/17/2010 12:00:00 AM,[vascular plants],Equisetopsida,Magnoliidae,Rosanae,Rosales,Rosaceae,,,,,,southern crabapple,,,,,,,,,,,,,southern crabapple,southern crabapple (English),southern crabapple
Malus sargentii Rehder 'Tina',Malus,sargentii,,,,'Tina',G,A,Malus sargentii 'Tina',,,,,,,2016-0182,,Top Tropicals,Plant (plant),,,,,,,,,,,,,,,,,,,,,,,,,,,,,,,,,,,,,,,,,,,,,,,,,?,0000,,,,Recd. as: Malus sargentii 'Tina',,,,,,,Recd.size: b&b.,,,,,,,,,,,,,,,,,,,,,,,,,,,WAVERLY FARM,,Waverly Farm,,Waverly Farm,,Plant (plant),,,,,,,,,,,,,,2011-08-15,P,Planting,,,,,,,,,,,,,G•,G,Terrace Garden,,,,,,,Existing,P,Planted,2012-08-15,?,,1,,,,,,,,,,,,,,,,,,,,,,,,,,,,,,,,,,,,Allowed,Allowed,,,Allowed,Allowed,,,Allowed,Allowed,,,,,,,,,,,,,,,04AC57D0-35C5-4A19-B3AF-C685343074ED,13E2C4FB-807E-4B2F-8556-BCE750DB63AD,,kpw,1/23/2012 12:00:00 AM,kpw,1/23/2012 12:00:00 AM,[vascular plants],Equisetopsida,Magnoliidae,Rosanae,Rosales,Rosaceae,,,,,,Sargent's crab apple,,,,,,,,,,,,,Sargent's crab apple,Sargent's crab apple (English),Sargent's crab apple
Malus sargentii Rehder 'Tina',Malus,sargentii,,,,'Tina',G,A,Malus sargentii 'Tina',,,,,,,2016-0183,,Top Tropicals,Plant (plant),,,,,,,,,,,,,,,,,,,,,,,,,,,,,,,,,,,,,,,,,,,,,,,,,?,0000,,,,Recd. as: Malus sargentii 'Tina',,,,,,,Recd.size: b&b.,,,,,,,,,,,,,,,,,,,,,,,,,,,WAVERLY FARM,,Waverly Farm,,Waverly Farm,,Plant (plant),,,,,,,,,,,,,,2011-08-15,P,Planting,,,,,,,,,,,,,G•,G,Terrace Garden,,,,,,,Existing,P,Planted,2012-08-15,?,,1,,,,,,,,,,,,,,,,,,,,,,,,,,,,,,,,,,,,Allowed,Allowed,,,Allowed,Allowed,,,Allowed,Allowed,,,,,,,,,,,,,,,7080AB71-4F61-4CD4-947B-20667B8EEEF4,9DA0CCD3-99F8-48B6-8D07-47FD04065B0A,,kpw,1/23/2012 12:00:00 AM,kpw,1/23/2012 12:00:00 AM,[vascular plants],Equisetopsida,Magnoliidae,Rosanae,Rosales,Rosaceae,,,,,,Sargent's crab apple,,,,,,,,,,,,,Sargent's crab apple,Sargent's crab apple (English),Sargent's crab apple
Malus sargentii Rehder 'Tina',Malus,sargentii,,,,'Tina',G,A,Malus sargentii 'Tina',,,,,,,2016-0184,,Top Tropicals,Plant (plant),,,,,,,,,,,,,,,,,,,,,,,,,,,,,,,,,,,,,,,,,,,,,,,,,?,0000,,,,Recd. as: Malus sargentii 'Tina',,,,,,,Recd.size: b&b.,,,,,,,,,,,,,,,,,,,,,,,,,,,WAVERLY FARM,,Waverly Farm,,Waverly Farm,,Plant (plant),,,,,,,,,,,,,,2011-08-15,P,Planting,,,,,,,,,,,,,G•,G,Terrace Garden,,,,,,,Existing,P,Planted,2012-08-15,?,,1,,,,,,,,,,,,,,,,,,,,,,,,,,,,,,,,,,,,Allowed,Allowed,,,Allowed,Allowed,,,Allowed,Allowed,,,,,,,,,,,,,,,8761A684-1E7E-4A3D-A11A-A09E9DD6CAE6,9C510AB4-61A5-41A5-A362-8B8906B9A917,,kpw,1/23/2012 12:00:00 AM,kpw,1/23/2012 12:00:00 AM,[vascular plants],Equisetopsida,Magnoliidae,Rosanae,Rosales,Rosaceae,,,,,,Sargent's crab apple,,,,,,,,,,,,,Sargent's crab apple,Sargent's crab apple (English),Sargent's crab apple
Malus coronaria (L.) Mill.,Malus,coronaria,,,,,U,A,Malus coronaria,,,,,,,2016-0185,,Top Tropicals,Plant (plant),,,,,,,,,,,,,,,,,,,,,,,,,,,,,,,,,,,,,,,,,,,,,,,,,?,0000,,,,Recd. as: Malus coronaria,,,,,,,Recd.notes: Seedling of accession 10-0150.,,,,,,,,,,,,,,,,,,,,,,,,,,,USBG,,United States Botanic Garden,,USBG,,Plant (plant),,,,,,,,,,,,,,2016-06-22,P,Planting,,,,,,,,,,,,,PF•,PF,Production Facility,,,,,,,Existing,P,Planted,2016-06-22,jal,,1,,,,,,,,,,,,,,,,,,,,,,,,,,,,,,,,,,,,Allowed,Allowed,,,Allowed,Allowed,,,Allowed,Allowed,,,,,,,,,,,,,,,458DBFDE-C09A-4C12-A12B-EDF1D8331912,3FE5A9E9-9FB1-4B18-BD6C-B69C7FBB922F,,jal,6/22/2016 12:00:00 AM,jal,6/22/2016 12:00:00 AM,[vascular plants],Equisetopsida,Magnoliidae,Rosanae,Rosales,Rosaceae,,,,,,sweet crab apple,,,,,,,,,,,,,sweet crab apple,sweet crab apple (English),sweet crab apple
Malus coronaria (L.) Mill.,Malus,coronaria,,,,,G,A,Malus coronaria,,,,,,,2019-0147,,Anna Mische-John,Plant (plant),,,,,,,,,,,,,,,,,,,,,,,,,,,,,,,,,,,,,,,,,,,,,,,,,?,2019-09-20,,,,#3190.,,,,,,,,,,,,,,,,,,,,,,,,,,,,,,,,,,W.H. BOYER,,"W.H. Boyer, Lanscape Services",,"W.H. Boyer, Landscaped Services",,Plant (plant),,,,,,,,,,,,,,2016-05,P,Planting,,,,,,,,,,,,,BP•,BP,Bartholdi Park,,,,,,,Existing,RD,Received,2016-05,jal,,1,,,,,,,,,,,,,,,,,,,,,,,,,,,,,,,,,,,,Allowed,Allowed,,,Allowed,Allowed,,,Allowed,Allowed,,,,,,,,,,,,,,,6222ca0e-50e5-4c42-8e8d-736d6f217e07,2fc06217-dea2-4916-aa4b-5bfa07c92c66,,jal,9/20/2019 11:20:08 AM,jal,9/20/2019 11:20:09 AM,[vascular plants],Equisetopsida,Magnoliidae,Rosanae,Rosales,Rosaceae,,,,,,sweet crab apple,,,,,,,,,,,,,sweet crab apple,sweet crab apple (English),sweet crab apple
Persea borbonia (L.) Sprengel,Persea,borbonia,,,,,G,A,Persea borbonia,,,,,,,2006-0754,,Coles Nursery,Plant (plant),,,,,,,,,,,,,,,,,,,,,,,,,,,,,,,,,,,,,,,,,,,,,,,,,?,0000,,,,Recd. as: Persea borbonia,,,,,,,Recd.size: 3 gal.,,,,,,,,,,,,,,,,,,,,,,,,,,,NEARLY NATIVES NURSERY,,"Nearly Natives Nursery, Inc.",,Nearly Natives Nursery,,Plant (plant),,,,,,,,,,,,,,2007-04-10,P,Planting,,,,,,,,,,,,,NG•,NG,The National Garden,,22,,,,,Existing,I,Inspected,2012-03-02,kpw,,1,,,,,,,,,,,,,,,,,,,,,,,,,,,,,,,,,,,,Allowed,Allowed,,,Allowed,Allowed,,,Allowed,Allowed,,,,,,,,,,,,,,,430CE17A-ECB5-412B-9262-645E59693755,C36906E1-BCA6-4AD2-A18C-36F921ADC9EC,,kpw,4/16/2007 12:00:00 AM,kpw,4/16/2007 12:00:00 AM,[vascular plants],Equisetopsida,Magnoliidae,Magnolianae,Laurales,Lauraceae,,,,,,red bay,,,,,,,,,,,,,red bay,red bay (English),red bay
Persea palustris (Raf.) Sarg.,Persea,palustris,,,,,G,A,Persea palustris,,,,,,,2009-0396,,William B. McLaughlin,Plant (plant),,,,,,,,,,,,,,,,,,,,,,,,,,,,,,,,,,,,,,,,,,,,,,,,,?,0000,,,,Recd. as: Persea palustris,,,,,,,Recd.size: 3 gal.,,,,,,,,,,,,,,,,,,,,,,,,,,,NEARLY NATIVES NURSERY,,"Nearly Natives Nursery, Inc.",,Nearly Natives Nursery,,Plant (plant),,,,,,,,,,,,,,2007-04-10,P,Planting,,,,,,,,,,,,,NG•,NG,The National Garden,,26,,,,,Existing,P,Planted,2007-04-10,wbm,,1,,,,,,,,,,,,,,,,,,,,,,,,,,,,,,,,,,,,Allowed,Allowed,,,Allowed,Allowed,,,Allowed,Allowed,,,,,,,,,,,,,,,18E72570-F1D1-4958-BD83-0B3EF11A60D5,1F6B4FEC-C920-42F9-89E8-1C8687BDBAFD,,kpw,4/16/2007 12:00:00 AM,kpw,4/16/2007 12:00:00 AM,[vascular plants],Equisetopsida,Magnoliidae,Magnolianae,Laurales,Lauraceae,,,,,,swamp bay,,,,,,,,,,,,,swamp bay,swamp bay (English),swamp bay
Persea palustris (Raf.) Sarg.,Persea,palustris,,,,,G,A,Persea palustris,,,,,,,2012-0236,,Forest Farm,Plant (plant),,,,,,,,,,,,,,,,,,,,,,,,,,,,,,,,,,,,,,,,,,,,,,,,,?,0000,,,,Recd. as: Persea palustris,,,,,,,Recd.size: 3 gal.,,,,,,,,,,,,,,,,,,,,,,,,,,,NEARLY NATIVES NURSERY,,"Nearly Natives Nursery, Inc.",,Nearly Natives Nursery,,Plant (plant),,,,,,,,,,,,,,2007-04-10,P,Planting,,,,,,,,,,,,,NG•,NG,The National Garden,,24,,,,,Existing,I,Inspected,2012-04-10,kpw,,1,,,,,,,,,,,,,,,,,,,,,,,,,,,,,,,,,,,,Allowed,Allowed,,,Allowed,Allowed,,,Allowed,Allowed,,,,,,,,,,,,,,,5F9E28AD-8336-4313-824F-A80841B57DF2,94C7BF6C-8E61-4F7F-A3CC-9F2C945009F2,,kpw,4/16/2007 12:00:00 AM,kpw,4/16/2007 12:00:00 AM,[vascular plants],Equisetopsida,Magnoliidae,Magnolianae,Laurales,Lauraceae,,,,,,swamp bay,,,,,,,,,,,,,swamp bay,swamp bay (English),swamp bay
Persea palustris (Raf.) Sarg.,Persea,palustris,,,,,G,A,Persea palustris,,,,,,,2012-0237,,Forest Farm,Plant (plant),,,,,,,,,,,,,,,,,,,,,,,,,,,,,,,,,,,,,,,,,,,,,,,,,?,0000,,,,Recd. as: Persea palustris,,,,,,,Recd.size: 3 gal.,,,,,,,,,,,,,,,,,,,,,,,,,,,NEARLY NATIVES NURSERY,,"Nearly Natives Nursery, Inc.",,Nearly Natives Nursery,,Plant (plant),,,,,,,,,,,,,,2007-04-10,P,Planting,,,,,,,,,,,,,NG•,NG,The National Garden,,26,,,,,Existing,P,Planted,2007-04-10,wbm,,1,,,,,,,,,,,,,,,,,,,,,,,,,,,,,,,,,,,,Allowed,Allowed,,,Allowed,Allowed,,,Allowed,Allowed,,,,,,,,,,,,,,,E8FE9629-F8BF-491C-8764-7212787FAE4A,872793A3-1FAC-4F10-92B8-CE76C99050AD,,kpw,4/16/2007 12:00:00 AM,kpw,4/16/2007 12:00:00 AM,[vascular plants],Equisetopsida,Magnoliidae,Magnolianae,Laurales,Lauraceae,,,,,,swamp bay,,,,,,,,,,,,,swamp bay,swamp bay (English),swamp bay
Persea americana Mill. 'Florida Hass',Persea,americana,,,,'Florida Hass',G,A,Persea americana 'Florida Hass',,,,,,,2012-0238,,Forest Farm,Plant (plant),,,,,,,,,,,,,,,,,,,,,,,,,,,,,,,,,,,,,,,,,,,,,,,,,?,0000,,,,Recd. as: Persea americana 'Florida Hass',,,,,,,Recd.size: 3 gal.,,,,,,,,,,,,,,,,,,,,,,,,,,,JENE'S TROPICALS,,Jene's Tropicals,,Jene's Tropicals,,Plant (plant),,,,,,,,,,,,,,2007-10-21,P,Planting,,,,,,,,,,,,,GC•,GC,The Garden Court,,,,,,,Existing,M,Moved,2018-05-06,sa,,2,,,,,,,,,,,,,,,,,,,,,,,,,,,,,,,,,,,,Allowed,Allowed,,,Allowed,Allowed,,,Allowed,Allowed,,,,,,,,,,,,,,,9E9045B3-3719-4627-B5F7-DCDB6F812F8A,D9205676-5710-40E4-A754-FED04D9FCA03,,kpw,2/6/2008 12:00:00 AM,jal,5/16/2018 9:28:33 AM,[vascular plants],Equisetopsida,Magnoliidae,Magnolianae,Laurales,Lauraceae,,,,,,avocado,,,,,,,,,,,,,avocado,avocado (English),avocado
Persea americana Mill. 'Florida Hass',Persea,americana,,,,'Florida Hass',G,A,Persea americana 'Florida Hass',,,,,,,2017-0133,,Go Native Tree Farm,Plant (plant),,,,,,,,,,,,,,,,,,,,,,,,,,,,,,,,,,,,,,,,,,,,,,,,,?,0000,,,,Recd. as: Persea americana 'Florida Hass',,,,,,,Recd.size: 3 gal.,,,,,,,,,,,,,,,,,,,,,,,,,,,JENE'S TROPICALS,,Jene's Tropicals,,Jene's Tropicals,,Plant (plant),,,,,,,,,,,,,,2007-10-21,P,Planting,,,,,,,,,,,,,PF•,PF,Production Facility,,23,,,,,Existing,I,Inspected,2008-02-06,kpw,,1,,,,,,,,,,,,,,,,,,,,,,,,,,,,,,,,,,,,Allowed,Allowed,,,Allowed,Allowed,,,Allowed,Allowed,,,,,,,,,,,,,,,7DA21FA8-1314-43E5-ADCE-084B498769D9,658D3F0B-52ED-4526-9EC6-B0D688834749,,kpw,2/6/2008 12:00:00 AM,kpw,2/6/2008 12:00:00 AM,[vascular plants],Equisetopsida,Magnoliidae,Magnolianae,Laurales,Lauraceae,,,,,,avocado,,,,,,,,,,,,,avocado,avocado (English),avocado
Persea americana Mill. 'Day',Persea,americana,,,,'Day',U,B,Persea americana 'Day',,,,,,,2017-0134,,Go Native Tree Farm,Plant (plant),,,,,,,,,,,,,,,,,,,,,,,,,,,,,,,,,,,,,,,,,,,,,,,,,?,0000,,,,Recd. as: Persea americana 'Day',,,,,,,,,,,,,,,,,,,,,,,,,,,,,,,,,,LOGEE'SLOGEE'S GREENHOUSES,,Logee's Greenhouses,,Logee's,,Plant (plant),,,,,,,,,,,,,,2011-03-24,P,Planting,,,,,,,,,,,,,PF•,PF,Production Facility,,,,,,,Existing,P,Planted,2011-03-24,wbm,,1,,,,,,,,,,,,,,,,,,,,,,,,,,,,,,,,,,,,Allowed,Allowed,,,Allowed,Allowed,,,Allowed,Allowed,,,,,,,,,,,,,,,E7305826-49E3-4A03-996A-22042422E726,750B5155-B214-4407-9DEE-4B0804EF86DA,,jal,5/12/2011 12:00:00 AM,jal,5/12/2011 12:00:00 AM,[vascular plants],Equisetopsida,Magnoliidae,Magnolianae,Laurales,Lauraceae,,,,,,avocado,,,,,,,,,,,,,avocado,avocado (English),avocado
Persea palustris (Raf.) Sarg.,Persea,palustris,,,,,W,A,Persea palustris,,Florida,Accomack,,,,2017-0135,,Go Native Tree Farm,Plant (plant),,,,,,,,,,,,,,,,,,,,,,,,,,,,,,,,,,,,,,,,,,,,,,,,,?,0000,,,,Recd. as: Persea palustris,,,,,,,"Recd.notes: Accomack Co., FL (20080447*A). Recd.size: 1 gal.",,,,,,,,,,,,,,,,,,,,,,,,,,,MT CUBA CENTER,,Mt. Cuba Center,,Mt. Cuba,,Plant (plant),,,,,,,,,,,,,,2011-06-28,P,Planting,,,,,,,,,,,,,PF•,PF,Production Facility,,,,,,,Existing,P,Planted,2011-06-28,wbm,,1,,,,,,,,,,,,,,,,,,,,,,,,,,,,,,,,,,,,Allowed,Allowed,,,Allowed,Allowed,,,Allowed,Allowed,,,,,,,,,,,,,,,2A2A36D7-E12A-4814-8166-FA70E6818B3C,B1201490-4F39-42CF-AE77-8E6681F5328B,,jal,6/29/2011 12:00:00 AM,jal,6/30/2011 12:00:00 AM,[vascular plants],Equisetopsida,Magnoliidae,Magnolianae,Laurales,Lauraceae,,,,,,swamp bay,,,,,,,,,,,,,swamp bay,swamp bay (English),swamp bay
Persea americana Mill. 'Wurtz',Persea,americana,,,,'Wurtz',U,A,Persea americana 'Wurtz',,,,,,,2017-0139,,Merrifield Garden Center,Plant (plant),,,,,,,,,,,,,,,,,,,,,,,,,,,,,,,,,,,,,,,,,,,,,,,,,?,0000,,,,Recd. as: Persea americana 'Wurtz',,,,,,,,,,,,,,,,,,,,,,,,,,,,,,,,,,TOP TROPICALS,,Top Tropicals,,Top Tropicals,,Plant (plant),,,,,,,,,,,,,,2015-04-02,P,Planting,,,,,,,,,,,,,PF•,PF,Production Facility,,,,,,,Existing,P,Planted,2015-04-02,jal,,1,,,,,,,,,,,,,,,,,,,,,,,,,,,,,,,,,,,,Allowed,Allowed,,,Allowed,Allowed,,,Allowed,Allowed,,,,,,,,,,,,,,,188BB573-25F7-4900-856F-CCAF7DC32B16,379A5F91-6779-48B9-ADD4-A80DA7D406BD,,jal,4/16/2015 12:00:00 AM,jal,4/16/2015 12:00:00 AM,[vascular plants],Equisetopsida,Magnoliidae,Magnolianae,Laurales,Lauraceae,,,,,,avocado,,,,,,,,,,,,,avocado,avocado (English),avocado
Persea americana Mill. 'Anise',Persea,americana,,,,'Anise',U,A,Persea americana 'Anise',,,,,,,2017-0144,,Merrifield Garden Center,Plant (plant),,,,,,,,,,,,,,,,,,,,,,,,,,,,,,,,,,,,,,,,,,,,,,,,,?,0000,,,,Recd. as: Persea americana 'Anise',,,,,,,Recd.notes: grafted.,,,,,,,,,,,,,,,,,,,,,,,,,,,TOP TROPICALS,,Top Tropicals,,Top Tropicals,,Plant (plant),,,,,,,,,,,,,,2016-04-18,P,Planting,,,,,,,,,,,,,PF•,PF,Production Facility,,,,,,,Existing,P,Planted,2016-04-18,jal,,1,,,,,,,,,,,,,,,,,,,,,,,,,,,,,,,,,,,,Allowed,Allowed,,,Allowed,Allowed,,,Allowed,Allowed,,,,,,,,,,,,,,,EBD7D53B-6EB0-40D7-BD62-1744F49D37FF,161D202C-952C-4E99-955A-88EF0857A3BC,,jal,4/19/2016 12:00:00 AM,jal,4/19/2016 12:00:00 AM,[vascular plants],Equisetopsida,Magnoliidae,Magnolianae,Laurales,Lauraceae,,,,,,avocado,,,,,,,,,,,,,avocado,avocado (English),avocado
Persea americana Mill. 'Brogdon',Persea,americana,,,,'Brogdon',U,A,Persea americana 'Brogdon',,,,,,,1998-3218,,William B. McLaughlin,Plant (plant),,,,,,,,,,,,,,,,,,,,,,,,,,,,,,,,,,,,,,,,,,,,,,,,,?,0000,,,,Recd. as: Persea americana 'Brogdon',,,,,,,Recd.notes: grafted. Recd.size: 3 GAL.,,,,,,,,,,,,,,,,,,,,,,,,,,,TOP TROPICALS,,Top Tropicals,,Top Tropicals,,Plant (plant),,,,,,,,,,,,,,2016-04-18,P,Planting,,,,,,,,,,,,,PF•,PF,Production Facility,,,,,,,Existing,P,Planted,2016-04-18,jal,,1,,,,,,,,,,,,,,,,,,,,,,,,,,,,,,,,,,,,Allowed,Allowed,,,Allowed,Allowed,,,Allowed,Allowed,,,,,,,,,,,,,,,F54CCC4F-D26D-4229-BDFD-0F7AD8A7CF27,A5874C63-5F67-4916-8B57-A3B81723B855,,jal,4/19/2016 12:00:00 AM,jal,4/19/2016 12:00:00 AM,[vascular plants],Equisetopsida,Magnoliidae,Magnolianae,Laurales,Lauraceae,,,,,,avocado,,,,,,,,,,,,,avocado,avocado (English),avocado
Persea americana Mill. 'Choquette',Persea,americana,,,,'Choquette',U,A,Persea americana 'Choquette',,,,,,,1998-3218,,William B. McLaughlin,Plant (plant),,,,,,,,,,,,,,,,,,,,,,,,,,,,,,,,,,,,,,,,,,,,,,,,,?,0000,,,,Recd. as: Persea americana 'Choquette',,,,,,,Recd.notes: grafted.,,,,,,,,,,,,,,,,,,,,,,,,,,,TOP TROPICALS,,Top Tropicals,,Top Tropicals,,Plant (plant),,,,,,,,,,,,,,2016-04-18,P,Planting,,,,,,,,,,,,,PF•,PF,Production Facility,,,,,,,Existing,P,Planted,2016-04-18,jal,,1,,,,,,,,,,,,,,,,,,,,,,,,,,,,,,,,,,,,Allowed,Allowed,,,Allowed,Allowed,,,Allowed,Allowed,,,,,,,,,,,,,,,990D589B-5A00-450B-8325-0C6DD282C922,8B35C8FB-BCB3-4DEF-B5AC-A5B0F81CE447,,jal,4/19/2016 12:00:00 AM,jal,4/19/2016 12:00:00 AM,[vascular plants],Equisetopsida,Magnoliidae,Magnolianae,Laurales,Lauraceae,,,,,,avocado,,,,,,,,,,,,,avocado,avocado (English),avocado
Persea americana Mill. 'Dandy',Persea,americana,,,,'Dandy',U,A,Persea americana 'Dandy',,,,,,,1999-0628,,William B. McLaughlin,Plant (plant),,,,,,,,,,,,,,,,,,,,,,,,,,,,,,,,,,,,,,,,,,,,,,,,,?,0000,,,,Recd. as: Persea americana 'Dandy',,,,,,,Recd.notes: grafted.,,,,,,,,,,,,,,,,,,,,,,,,,,,TOP TROPICALS,,Top Tropicals,,Top Tropicals,,Plant (plant),,,,,,,,,,,,,,2016-04-18,P,Planting,,,,,,,,,,,,,PF•,PF,Production Facility,,,,,,,Existing,P,Planted,2016-04-18,jal,,1,,,,,,,,,,,,,,,,,,,,,,,,,,,,,,,,,,,,Allowed,Allowed,,,Allowed,Allowed,,,Allowed,Allowed,,,,,,,,,,,,,,,5F1FDFD7-5F69-4681-8632-33657C4AAE65,3F9635A5-563E-4359-9A70-5A99A7699B2E,,jal,4/19/2016 12:00:00 AM,jal,4/19/2016 12:00:00 AM,[vascular plants],Equisetopsida,Magnoliidae,Magnolianae,Laurales,Lauraceae,,,,,,avocado,,,,,,,,,,,,,avocado,avocado (English),avocado
Persea americana Mill. 'Fantastic',Persea,americana,,,,'Fantastic',U,A,Persea americana 'Fantastic',,,,,,,2019-0925,,"W.H. Boyer, Lanscape Services",Plant (plant),,,,,,,,,,,,,,,,,,,,,,,,,,,,,,,,,,,,,,,,,,,,,,,,,?,0000,,,,Recd. as: Persea americana 'Fantastic',,,,,,,Recd.notes: grafted.,,,,,,,,,,,,,,,,,,,,,,,,,,,TOP TROPICALS,,Top Tropicals,,Top Tropicals,,Plant (plant),,,,,,,,,,,,,,2016-04-18,P,Planting,,,,,,,,,,,,,PF•,PF,Production Facility,,,,,,,Existing,P,Planted,2016-04-18,jal,,1,,,,,,,,,,,,,,,,,,,,,,,,,,,,,,,,,,,,Allowed,Allowed,,,Allowed,Allowed,,,Allowed,Allowed,,,,,,,,,,,,,,,BB10E6F1-EEB0-4FF2-8773-11B8A6BBC044,09938800-4A4B-4B24-98B8-BABE5767FA8C,,jal,4/19/2016 12:00:00 AM,jal,4/19/2016 12:00:00 AM,[vascular plants],Equisetopsida,Magnoliidae,Magnolianae,Laurales,Lauraceae,,,,,,avocado,,,,,,,,,,,,,avocado,avocado (English),avocado
Persea palustris (Raf.) Sarg.,Persea,palustris,,,,,W,A,Persea palustris,,,,,,,2019-0926,,"W.H. Boyer, Lanscape Services",Plant (plant),,,,,,,,,,,,,,,,,,,,,,,,,,,,,,,,,,,,,,,,,,,,,,,,,?,2019-01-16,,,,"Secondary Source: University of Delaware - Wild collected with permits in Francis Marion National Forest, SC.",,,,,,,,,,,,,,,,,,,,,,,,,,,,,,,,,,"MISCHE-JOHN, ANNA",,Anna Mische-John,,Anna Mische-John,,Plant (plant),,,,,,,,,,,,,,2018-09,P,Planting,,,,,,,,,,,,,PF•,PF,Production Facility,,,,,,,Existing,I,Inspected,2019-01-16,amj,,1,,,,,,,,,,,,,,,,,,,,,,,,,,,,,,,,,,,,Allowed,Allowed,,,Allowed,Allowed,,,Allowed,Allowed,,,,,,,,,,,,,,,28006e7b-a89d-4736-a67f-beee3f061721,8bf991b0-1964-4815-a71e-4418aa85307d,,jal,1/16/2019 8:49:20 AM,jal,1/16/2019 8:49:21 AM,[vascular plants],Equisetopsida,Magnoliidae,Magnolianae,Laurales,Lauraceae,,,,,,swamp bay,,,,,,,,,,,,,swamp bay,swamp bay (English),swamp bay
Prunus virginiana L. 'Canada Red',Prunus,virginiana,,,,'Canada Red',G,A,Prunus virginiana 'Canada Red',,,,,,,2020-0477,,United States Botanic Garden,Plant (plant),,,,,,,,,,,,,,,,,,,,,,,,,,,,,,,,,,,,,,,,,,,,,,,,,?,0000,,,,Recd. as: Prunus virginiana 'Canada Red',,,,,,,"Recd.size: 2""cal.",,,,,,,,,,,,,,,,,,,,,,,,,,,COLES NURSERY,,Coles Nursery,,Coles Nursery,,Plant (plant),,,,,,,,,,,,,,2006-05-08,P,Planting,,,,,,,,,,,,,NG•,NG,The National Garden,,37,,,,,Existing,I,Inspected,2011-02,Nathan Cromley,,1,,,,,,,,,,,,,,,,,,,,,,,,,,,,,,,,,,,,Allowed,Allowed,,,Allowed,Allowed,,,Allowed,Allowed,,,,,,,,,,,,,,,669C6188-77BB-4D2B-8014-F2288212C5D6,6B7F7532-5BFB-4E5F-8D54-BB1367D1E184,,kpw,6/15/2006 12:00:00 AM,kpw,6/15/2006 12:00:00 AM,[vascular plants],Equisetopsida,Magnoliidae,Rosanae,Rosales,Rosaceae,,,,,,chokecherry,,,,,,,,,,,,,chokecherry,chokecherry (English),chokecherry
Prunus umbellata Ell.,Prunus,umbellata,,,,,G,A,Prunus umbellata,,,,,,,2020-0478,,United States Botanic Garden,Plant (plant),,,,,,,,,,,,,,,,,,,,,,,,,,,,,,,,,,,,,,,,,,,,,,,,,?,0000,,,,Recd. as: Prunus umbellata,,,,,,,,,,,,,,,,,,,,,,,,,,,,,,,,,,"MCLAUGHLIN, WILLIAM",,William B. McLaughlin,,William McLaughlin,,Plant (plant),,,,,,,,,,,,,,2008-06-09,P,Planting,,,,,,,,,,,,,NG•,NG,The National Garden,,16,,,,,Existing,I,Inspected,2012-03-05,kpw,,1,,,,,,,,,,,,,,,,,,,,,,,,,,,,,,,,,,,,Allowed,Allowed,,,Allowed,Allowed,,,Allowed,Allowed,,,,,,,,,,,,,,,6F05F44E-2E7E-4B6C-95A2-110A26627C55,4AABC2EE-F85D-4503-85A2-6CDD3C1F6AC0,,kpw,7/16/2009 12:00:00 AM,kpw,7/16/2009 12:00:00 AM,[vascular plants],Equisetopsida,Magnoliidae,Rosanae,Rosales,Rosaceae,,,,,,flatwoods plum,,,,,,,,,,,,,flatwoods plum,flatwoods plum (English),flatwoods plum
Prunus mume Siebold & Zucc. 'Matsubara Red',Prunus,mume,,,,'Matsubara Red',G,A,Prunus mume 'Matsubara Red',,,,,,,2020-0479,,United States Botanic Garden,Plant (plant),,,,,,,,,,,,,,,,,,,,,,,,,,,,,,,,,,,,,,,,,,,,,,,,,?,0000,,,,Recd. as: Prunus mume 'Matsubara Red',,,,,,,Recd.size: b&b.,,,,,,,,,,,,,,,,,,,,,,,,,,,FOREST FARM,,Forest Farm,,Forest Farm,,Plant (plant),,,,,,,,,,,,,,2011-08-15,P,Planting,,,,,,,,,,,,,G•,G,Terrace Garden,,,,,,,Existing,I,Inspected,2012-01-31,kpw,,1,,,,,,,,,,,,,,,,,,,,,,,,,,,,,,,,,,,,Allowed,Allowed,,,Allowed,Allowed,,,Allowed,Allowed,,,,,,,,,,,,,,,239A38FE-657E-4392-B6A5-591460275967,06753C2E-EBED-432F-9925-88721F6E04CC,,kpw,1/24/2012 12:00:00 AM,kpw,1/31/2012 12:00:00 AM,[vascular plants],Equisetopsida,Magnoliidae,Rosanae,Rosales,Rosaceae,,,,,,Japanese apricot,,,,,,,,,,,,,Japanese apricot,Japanese apricot (English),Japanese apricot
Prunus mume Siebold & Zucc. 'Matsubara Red',Prunus,mume,,,,'Matsubara Red',G,A,Prunus mume 'Matsubara Red',,,,,,,2020-0542,,United States Botanic Garden,Plant (plant),,,,,,,,,,,,,,,,,,,,,,,,,,,,,,,,,,,,,,,,,,,,,,,,,?,0000,,,,Recd. as: Prunus mume 'Matsubara Red',,,,,,,Recd.size: b&b.,,,,,,,,,,,,,,,,,,,,,,,,,,,FOREST FARM,,Forest Farm,,Forest Farm,,Plant (plant),,,,,,,,,,,,,,2011-08-15,P,Planting,,,,,,,,,,,,,G•,G,Terrace Garden,,,,,,,Existing,I,Inspected,2012-01-31,kpw,,1,,,,,,,,,,,,,,,,,,,,,,,,,,,,,,,,,,,,Allowed,Allowed,,,Allowed,Allowed,,,Allowed,Allowed,,,,,,,,,,,,,,,A3AF4C33-0E29-4E3A-BC06-940238E7399E,2AE498E9-6B73-4191-BF73-13C434AF8399,,kpw,1/24/2012 12:00:00 AM,kpw,1/31/2012 12:00:00 AM,[vascular plants],Equisetopsida,Magnoliidae,Rosanae,Rosales,Rosaceae,,,,,,Japanese apricot,,,,,,,,,,,,,Japanese apricot,Japanese apricot (English),Japanese apricot
Prunus mume Siebold & Zucc. 'Matsubara Red',Prunus,mume,,,,'Matsubara Red',G,A,Prunus mume 'Matsubara Red',,,,,,,2020-0560,,United States Botanic Garden,Plant (plant),,,,,,,,,,,,,,,,,,,,,,,,,,,,,,,,,,,,,,,,,,,,,,,,,?,0000,,,,Recd. as: Prunus mume 'Matsubara Red',,,,,,,,,,,,,,,,,,,,,,,,,,,,,,,,,,FOREST FARM,,Forest Farm,,Forest Farm,,Plant (plant),,,,,,,,,,,,,,2011-08-15,P,Planting,,,,,,,,,,,,,G•,G,Terrace Garden,,,,,,,Existing,I,Inspected,2012-01-31,kpw,,1,,,,,,,,,,,,,,,,,,,,,,,,,,,,,,,,,,,,Allowed,Allowed,,,Allowed,Allowed,,,Allowed,Allowed,,,,,,,,,,,,,,,3E3E24EA-5E04-4B0C-96DA-3E71FFEA0BB5,8438A2FE-B74F-489B-9FF8-25F75A045D3C,,kpw,1/24/2012 12:00:00 AM,kpw,1/31/2012 12:00:00 AM,[vascular plants],Equisetopsida,Magnoliidae,Rosanae,Rosales,Rosaceae,,,,,,Japanese apricot,,,,,,,,,,,,,Japanese apricot,Japanese apricot (English),Japanese apricot
Prunus susquehanae Hort. ex Willd.,Prunus,susquehanae,,,,,U,A,Prunus susquehanae,,,,,,,2020-0608,,United States Botanic Garden,Plant (plant),,,,,,,,,,,,,,,,,,,,,,,,,,,,,,,,,,,,,,,,,,,,,,,,,?,0000,,,,Recd. as: Prunus susquehanae,,,,,,,Recd.size: 1 gal.,,,,,,,,,,,,,,,,,,,,,,,,,,,GO NATIVE TREE FARM,,Go Native Tree Farm,,Go Native Tree Farm,,Plant (plant),,,,,,,,,,,,,,2017-03-29,P,Planting,,,,,,,,,,,,,NG•,NG,The National Garden,,12,,,,,Existing,M,Moved,2017-04-07,jal,,1,,,,,,,,,,,,,,,,,,,,,,,,,,,,,,,,,,,,Allowed,Allowed,,,Allowed,Allowed,,,Allowed,Allowed,,,,,,,,,,,,,,,EEC91E02-48A4-4162-99B8-A8ABADA63F27,71E49ACA-6C16-4D7F-8398-4363BED51A0D,,jal,4/4/2017 12:00:00 AM,jal,4/4/2017 12:00:00 AM,[vascular plants],Equisetopsida,Magnoliidae,Rosanae,Rosales,Rosaceae,,,,,,Sesquehana sandcherry,,,,,,,,,,,,,Sesquehana sandcherry,Sesquehana sandcherry (English),Sesquehana sandcherry
Prunus susquehanae Hort. ex Willd.,Prunus,susquehanae,,,,,U,A,Prunus susquehanae,,,,,,,,,,,,,,,,,,,,,,,,,,,,,,,,,,,,,,,,,,,,,,,,,,,,,,,,,,,?,0000,,,,Recd. as: Prunus susquehanae,,,,,,,Recd.size: 1 gal.,,,,,,,,,,,,,,,,,,,,,,,,,,,GO NATIVE TREE FARM,,Go Native Tree Farm,,Go Native Tree Farm,,Plant (plant),,,,,,,,,,,,,,2017-03-29,P,Planting,,,,,,,,,,,,,NG•,NG,The National Garden,,12,,,,,Existing,M,Moved,2017-04-07,jal,,1,,,,,,,,,,,,,,,,,,,,,,,,,,,,,,,,,,,,Allowed,Allowed,,,Allowed,Allowed,,,Allowed,Allowed,,,,,,,,,,,,,,,C3E327CC-478D-42EE-9D37-FC56245BD3CB,36C5534A-8F0D-4F98-A238-5731A47D91D3,,jal,4/4/2017 12:00:00 AM,jal,4/4/2017 12:00:00 AM,[vascular plants],Equisetopsida,Magnoliidae,Rosanae,Rosales,Rosaceae,,,,,,Sesquehana sandcherry,,,,,,,,,,,,,Sesquehana sandcherry,Sesquehana sandcherry (English),Sesquehana sandcherry
Prunus susquehanae Hort. ex Willd.,Prunus,susquehanae,,,,,U,A,Prunus susquehanae,,,,,,,,,,,,,,,,,,,,,,,,,,,,,,,,,,,,,,,,,,,,,,,,,,,,,,,,,,,?,0000,,,,Recd. as: Prunus susquehanae,,,,,,,Recd.size: 1 gal.,,,,,,,,,,,,,,,,,,,,,,,,,,,GO NATIVE TREE FARM,,Go Native Tree Farm,,Go Native Tree Farm,,Plant (plant),,,,,,,,,,,,,,2017-03-29,P,Planting,,,,,,,,,,,,,NG•,NG,The National Garden,,12,,,,,Existing,M,Moved,2017-04-07,jal,,1,,,,,,,,,,,,,,,,,,,,,,,,,,,,,,,,,,,,Allowed,Allowed,,,Allowed,Allowed,,,Allowed,Allowed,,,,,,,,,,,,,,,5F61C259-7712-4312-BFF9-2D9803288F82,281D8E55-E316-4C7B-A6B1-447F91032340,,jal,4/4/2017 12:00:00 AM,jal,4/4/2017 12:00:00 AM,[vascular plants],Equisetopsida,Magnoliidae,Rosanae,Rosales,Rosaceae,,,,,,Sesquehana sandcherry,,,,,,,,,,,,,Sesquehana sandcherry,Sesquehana sandcherry (English),Sesquehana sandcherry
Prunus dulcis (Mill.) D.A.Webb 'All-in-One',Prunus,dulcis,,,,'All-in-One',U,A,Prunus dulcis 'All-in-One',,,,,,,,,,,,,,,,,,,,,,,,,,,,,,,,,,,,,,,,,,,,,,,,,,,,,,,,,,,?,0000,,,,Recd. as: Prunus dulcis 'All-in-One',,,,,,,,,,,,,,,,,,,,,,,,,,,,,,,,,,MERRIFIELD,,Merrifield Garden Center,,Merrifield,,Plant (plant),,,,,,,,,,,,,,2016-12-19,P,Planting,,,,,,,,,,,,,BP•,BP,Bartholdi Park,,7,,,,,Existing,M,Moved,2017-04-07,jal,,1,,,,,,,,,,,,,,,,,,,,,,,,,,,,,,,,,,,,Allowed,Allowed,,,Allowed,Allowed,,,Allowed,Allowed,,,,,,,,,,,,,,,BF5C7300-077A-4CA2-95C8-8239B47C7D9A,7009F5C1-FE44-4DEC-9AB6-7D1ADC6C1BCD,,jal,4/7/2017 12:00:00 AM,jal,4/7/2017 12:00:00 AM,[vascular plants],Equisetopsida,Magnoliidae,Rosanae,Rosales,Rosaceae,,,,,,almond,,,,,,,,,,,,,almond,almond (English),almond
Prunus americana Marsh.,Prunus,americana,,,,,U,A,Prunus americana,,,,,,,,,,,,,,,,,,,,,,,,,,,,,,,,,,,,,,,,,,,,,,,,,,,,,,,,,,,?,0000,,,,Recd. as: Prunus americana,,,,,,,,,,,,,,,,,,,,,,,,,,,,,,,,,,MERRIFIELD,,Merrifield Garden Center,,Merrifield,,Plant (plant),,,,,,,,,,,,,,2016-12-19,P,Planting,,,,,,,,,,,,,BP•,BP,Bartholdi Park,,7,,,,,Existing,M,Moved,2017-04-07,jal,,1,,,,,,,,,,,,,,,,,,,,,,,,,,,,,,,,,,,,Allowed,Allowed,,,Allowed,Allowed,,,Allowed,Allowed,,,,,,,,,,,,,,,0A12EDD7-644D-4ABF-A938-C67E797CF47F,0C5BBB2F-CAA1-4245-B6D8-3C0315E2CC22,,jal,4/7/2017 12:00:00 AM,jal,4/7/2017 12:00:00 AM,[vascular plants],Equisetopsida,Magnoliidae,Rosanae,Rosales,Rosaceae,,,,,,American plum,,,,,,,,,,,,,American plum,American plum (English),American plum
Prunus caroliniana (Mill.) Aiton 'Cherry Ruffles',Prunus,caroliniana,,,,'Cherry Ruffles',G,A,Prunus caroliniana 'Cherry Ruffles',,,,,,,,,,,,,,,,,,,,,,,,,,,,,,,,,,,,,,,,,,,,,,,,,,,,,,,,,,,?,0000,,,,Recd. as: Prunus caroliniana 'Cherry Ruffles',,,,,,,Recd.size: 5 gal.,,,,,,,,,,,,,,,,,,,,,,,,,,,"MCLAUGHLIN, WILLIAM",,William B. McLaughlin,,William McLaughlin,,Plant (plant),,,,,,,,,,,,,,1998-11-18,P,Planting,,,,,,,,,,,,,BP•,BP,Bartholdi Park,,14,,,,,Existing,I,Inspected,2005-08-11,ad,,1,,,,,,,,,,,,,,,,,,,,,,,,,,,,EM,1,OK,,,,,,Allowed,Allowed,,,Allowed,Allowed,,,Allowed,Allowed,,,,,,,,,,,,,,,04995B0D-E9D3-4115-BBDD-469B40778C15,9D8745F2-17E8-4D82-94FF-01D42FA54BB8,,shm,12/24/1998 12:00:00 AM,shm,12/28/1998 12:00:00 AM,[vascular plants],Equisetopsida,Magnoliidae,Rosanae,Rosales,Rosaceae,,,,,,Carolina laurel cherry,,,,,,,,,,,,,Carolina laurel cherry,Carolina laurel cherry (English),Carolina laurel cherry
Prunus caroliniana (Mill.) Aiton 'Cherry Ruffles',Prunus,caroliniana,,,,'Cherry Ruffles',G,B,Prunus caroliniana 'Cherry Ruffles',,,,,,,,,,,,,,,,,,,,,,,,,,,,,,,,,,,,,,,,,,,,,,,,,,,,,,,,,,,?,0000,,,,Recd. as: Prunus caroliniana 'Cherry Ruffles',,,,,,,Recd.size: 5 gal.,,,,,,,,,,,,,,,,,,,,,,,,,,,"MCLAUGHLIN, WILLIAM",,William B. McLaughlin,,William McLaughlin,,Plant (plant),,,,,,,,,,,,,,1998-11-18,P,Planting,,,,,,,,,,,,,PF•,PF,Production Facility,,,,,,,Existing,I,Inspected,2016-06-21,Anna Mische John,,1,,,,,,,,,,,,,,,,,,,,,,,,,,,,,,,,,,,,Allowed,Allowed,,,Allowed,Allowed,,,Allowed,Allowed,,,,,,,,,,,,,,,04995B0D-E9D3-4115-BBDD-469B40778C15,63F0AA71-AD48-4BAE-B88B-C7C7ABB25A3E,,shm,12/24/1998 12:00:00 AM,jal,6/21/2016 12:00:00 AM,[vascular plants],Equisetopsida,Magnoliidae,Rosanae,Rosales,Rosaceae,,,,,,Carolina laurel cherry,,,,,,,,,,,,,Carolina laurel cherry,Carolina laurel cherry (English),Carolina laurel cherry
Prunus angustifolia Marsh. 'Guthrie',Prunus,angustifolia,,,,'Guthrie',G,A,Prunus angustifolia 'Guthrie',,,,,,,,,,,,,,,,,,,,,,,,,,,,,,,,,,,,,,,,,,,,,,,,,,,,,,,,,,,?,0000,,,,Recd. as: Prunus angustifolia 'Guthrie',,,,,,,,,,,,,,,,,,,,,,,,,,,,,,,,,,"MCLAUGHLIN, WILLIAM",,William B. McLaughlin,,William McLaughlin,,Plant (plant),,,,,,,,,,,,,,1999-06-29,P,Planting,,,,,,,,,,,,,PF•,PF,Production Facility,,,,,,,Existing,I,Inspected,2016-06-21,Anna Mische John,,2,,,,,,,,,,,,,,,,,,,,,,,,,,,,EM,1,OK,,,,,,Allowed,Allowed,,,Allowed,Allowed,,,Allowed,Allowed,,,,,,,,,,,,,,,00B7E1DC-F049-4503-BEF4-1D075C61185F,A71402EC-1DA4-4986-AEAC-5D0372DEBF65,,shm,7/9/1999 12:00:00 AM,shm,7/12/1999 12:00:00 AM,[vascular plants],Equisetopsida,Magnoliidae,Rosanae,Rosales,Rosaceae,,,,,,Chickasaw plum,,,,,,,,,,,,,Chickasaw plum,Chickasaw plum (English),Chickasaw plum
Prunus subhirtella Miq.,Prunus,subhirtella,,,,,G,A,Prunus subhirtella,,,,,,,,,,,,,,,,,,,,,,,,,,,,,,,,,,,,,,,,,,,,,,,,,,,,,,,,,,,?,2019-09-20,,,,#4198,,,,,,,,,,,,,,,,,,,,,,,,,,,,,,,,,,W.H. BOYER,,"W.H. Boyer, Lanscape Services",,"W.H. Boyer, Landscaped Services",,Plant (plant),,,,,,,,,,,,,,2016-05,P,Planting,,,,,,,,,,,,,BP•,BP,Bartholdi Park,,,,,,,Existing,RD,Received,2016-05,jal,,1,,,,,,,,,,,,,,,,,,,,,,,,,,,,,,,,,,,,Allowed,Allowed,,,Allowed,Allowed,,,Allowed,Allowed,,,,,,,,,,,,,,,70d096bd-bef2-49e5-b309-04b274e072ea,c7b884fd-1e17-4608-87da-a90bffed21e0,,jal,9/20/2019 11:52:19 AM,jal,9/20/2019 11:52:20 AM,[vascular plants],Equisetopsida,Magnoliidae,Rosanae,Rosales,Rosaceae,,,,,,higan cherry,,,,,,,,,,,,,higan cherry,higan cherry (English),higan cherry
Prunus subhirtella Miq.,Prunus,subhirtella,,,,,G,A,Prunus subhirtella,,,,,,,,,,,,,,,,,,,,,,,,,,,,,,,,,,,,,,,,,,,,,,,,,,,,,,,,,,,?,2019-09-20,,,,#4198,,,,,,,,,,,,,,,,,,,,,,,,,,,,,,,,,,W.H. BOYER,,"W.H. Boyer, Lanscape Services",,"W.H. Boyer, Landscaped Services",,Plant (plant),,,,,,,,,,,,,,2016-05,P,Planting,,,,,,,,,,,,,BP•,BP,Bartholdi Park,,,,,,,Existing,RD,Received,2016-05,jal,,1,,,,,,,,,,,,,,,,,,,,,,,,,,,,,,,,,,,,Allowed,Allowed,,,Allowed,Allowed,,,Allowed,Allowed,,,,,,,,,,,,,,,9637135b-7eb0-4635-b28a-a29bca39b23d,c0e99f5f-f932-452b-a9b4-6ab59dc4ba53,,jal,9/20/2019 11:53:02 AM,jal,9/20/2019 11:53:03 AM,[vascular plants],Equisetopsida,Magnoliidae,Rosanae,Rosales,Rosaceae,,,,,,higan cherry,,,,,,,,,,,,,higan cherry,higan cherry (English),higan cherry
Prunus serrulata Lindl.,Prunus,serrulata,,,,,G,A,Prunus serrulata,,,,,,,,,,,,,,,,,,,,,,,,,,,,,,,,,,,,,,,,,,,,,,,,,,,,10,,,,,,,?,2020-09-01,,,,PF Grounds. CV-'Kwanzan'?. #10,,,,,,,,,,,,,,,,,,,,,,,,,,,,,,,,,,USBG,,United States Botanic Garden,,United States Botanic Garden,,Plant (plant),,,,,,,,,,,,,,,P,Planting,,,,,,,,,,,,,PF•,PF,Production Facility,,,,,,,Existing,Inv,Inspected - Inventory,2020-09-01,jal,,1,,,,,,,,,,,,,,,,38.8178,-77.016098,38.8178,-77.016098,,,,,,13,,,,,,,,,,,Allowed,Allowed,,,Allowed,Allowed,,,Allowed,Allowed,,,,,,,,,,,,,,,4a75a8fd-4939-487b-8c5f-4b2251eb18b4,dfcb9bc1-6af9-48d9-8553-bad1d143d6de,#10,jal,9/1/2020 10:10:43 AM,jal,9/1/2020 10:10:44 AM,[vascular plants],Equisetopsida,Magnoliidae,Rosanae,Rosales,Rosaceae,,,,,,Japanese cherry,,,,,,,,,,,,,Japanese cherry,Japanese cherry (English),Japanese cherry
Prunus serrulata Lindl.,Prunus,serrulata,,,,,G,A,Prunus serrulata,,,,,,,,,,,,,,,,,,,,,,,,,,,,,,,,,,,,,,,,,,,,,,,,,,,,11,,,,,,,?,2020-09-01,,,,PF Grounds. CV - 'Kwanzan'?. #11,,,,,,,,,,,,,,,,,,,,,,,,,,,,,,,,,,USBG,,United States Botanic Garden,,United States Botanic Garden,,Plant (plant),,,,,,,,,,,,,,,P,Planting,,,,,,,,,,,,,PF•,PF,Production Facility,,,,,,,Existing,Inv,Inspected - Inventory,2020-09-01,jal,,1,,,,,,,,,,,,,,,,38.818076,-77.016142,38.818076,-77.016142,,,,,,13,,,,,,,,,,,Allowed,Allowed,,,Allowed,Allowed,,,Allowed,Allowed,,,,,,,,,,,,,,,51731250-6df1-4711-a42d-2e66e0a2064c,429b6859-f9fd-4d07-94fb-f43e882c7471,#11,jal,9/1/2020 10:13:51 AM,jal,9/1/2020 10:13:52 AM,[vascular plants],Equisetopsida,Magnoliidae,Rosanae,Rosales,Rosaceae,,,,,,Japanese cherry,,,,,,,,,,,,,Japanese cherry,Japanese cherry (English),Japanese cherry
Prunus serrulata Lindl.,Prunus,serrulata,,,,,G,A,Prunus serrulata,,,,,,,,,,,,,,,,,,,,,,,,,,,,,,,,,,,,,,,,,,,,,,,,,,,,12,,,,,,,?,2020-09-01,,,,PF Grounds. CV- 'Kwanzan'?. #12,,,,,,,,,,,,,,,,,,,,,,,,,,,,,,,,,,USBG,,United States Botanic Garden,,United States Botanic Garden,,Plant (plant),,,,,,,,,,,,,,,P,Planting,,,,,,,,,,,,,PF•,PF,Production Facility,,,,,,,Existing,Inv,Inspected - Inventory,2020-09-01,jal,,1,,,,,,,,,,,,,,,,38.81849,-77.01626,38.81849,-77.01626,,,,,,13.5,,,,,,,,,,,Allowed,Allowed,,,Allowed,Allowed,,,Allowed,Allowed,,,,,,,,,,,,,,,07f895e0-0aa7-4e96-8f64-6a007980ccbf,f47042dc-7e97-493e-8ea1-e2b986a5282d,#12,jal,9/1/2020 10:17:24 AM,jal,9/1/2020 10:17:25 AM,[vascular plants],Equisetopsida,Magnoliidae,Rosanae,Rosales,Rosaceae,,,,,,Japanese cherry,,,,,,,,,,,,,Japanese cherry,Japanese cherry (English),Japanese cherry
Prunus sp.,Prunus,sp.,,,,,G,A,Prunus sp.,,,,,,,,,,,,,,,,,,,,,,,,,,,,,,,,,,,,,,,,,,,,,,,,,,,,74,,,,,,,?,2020-09-09,,,,PF Grounds. #74,,,,,,,,,,,,,,,,,,,,,,,,,,,,,,,,,,USBG,,United States Botanic Garden,,United States Botanic Garden,,Plant (plant),,,,,,,,,,,,,,,P,Planting,,,,,,,,,,,,,PF•,PF,Production Facility,,,,,,,Existing,Inv,Inspected - Inventory,2020-09-09,jal,,1,,,,,,,,,,,,,,,,38.819848,-77.015203,38.819848,-77.015203,,,,,,10.9,,,,,,,,,,,Allowed,Allowed,,,Allowed,Allowed,,,Allowed,Allowed,,,,,,,,,,,,,,,eab9595f-f119-4bdc-ad76-ba915b6d234c,573a210d-01db-4da1-a55f-8b5a9e52ffa5,#74,jal,9/9/2020 8:48:49 AM,jal,9/9/2020 8:48:50 AM,[vascular plants],Equisetopsida,Magnoliidae,Rosanae,Rosales,Rosaceae,,,,,,,,,,,,,,,,,,,,,
Prunus sp.,Prunus,sp.,,,,,G,A,Prunus sp.,,,,,,,,,,,,,,,,,,,,,,,,,,,,,,,,,,,,,,,,,,,,,,,,,,,,92,,,,,,,?,2020-09-09,,,,PF Grounds. #92,,,,,,,,,,,,,,,,,,,,,,,,,,,,,,,,,,USBG,,United States Botanic Garden,,United States Botanic Garden,,Plant (plant),,,,,,,,,,,,,,,P,Planting,,,,,,,,,,,,,PF•,PF,Production Facility,,,,,,,Existing,Inv,Inspected - Inventory,2020-09-09,jal,,1,,,,,,,,,,,,,,,,38.819471,-77.015116,38.819471,-77.015116,,,,,,11.9,,,,,,,,,,,Allowed,Allowed,,,Allowed,Allowed,,,Allowed,Allowed,,,,,,,,,,,,,,,c7ec03bb-8db5-4c87-b285-a47bb4adc770,3daf00e7-8756-427b-9780-a81c26111ce1,#92,jal,9/9/2020 10:22:55 AM,jal,9/9/2020 10:22:56 AM,[vascular plants],Equisetopsida,Magnoliidae,Rosanae,Rosales,Rosaceae,,,,,,,,,,,,,,,,,,,,,
Prunus serotina Ehrhart,Prunus,serotina,,,,,G,A,Prunus serotina,,,,,,,,,,,,,,,,,,,,,,,,,,,,,,,,,,,,,,,,,,,,,,,,,,,,139,,,,,,,?,2020-10-22,,,,PF Grounds. #139,,,,,,,,,,,,,,,,,,,,,,,,,,,,,,,,,,USBG,,United States Botanic Garden,,United States Botanic Garden,,Plant (plant),,,,,,,,,,,,,,,P,Planting,,,,,,,,,,,,,PF•,PF,Production Facility,,,,,,,Existing,Inv,Inspected - Inventory,2020-10-22,jal,,1,,,,,,,,,,,,,,,,38.819137,-77.016322,38.819137,-77.016322,,,,,,11.2,,,,,,,,,,,Allowed,Allowed,,,Allowed,Allowed,,,Allowed,Allowed,,,,,,,,,,,,,,,0a243017-02f1-4894-9f63-441b37f26c3c,a62108dd-242b-4ba4-ba2e-31be6a7173f7,#139,jal,10/22/2020 4:04:26 PM,jal,10/22/2020 4:04:27 PM,[vascular plants],Equisetopsida,Magnoliidae,Rosanae,Rosales,Rosaceae,,,,,,,,,,,,,,,,,,,,,
,,,,,,,,,,,,,,,,,,,,,,,,,,,,,,,,,,,,,,,,,,,,,,,,,,,,,,,,,,,,,,,,,,,,,,,,,,,,,,,,,,,,,,,,,,,,,,,,,,,,,,,,,,,,,,,,,,,,,,,,,,,,,,,,,,,,,,,,,,,,,,,,,,,,,,,,,,,,,,,,,,,,,,,,,,,,,,,,,,,,,,,,,,,,,,,,,,,,,,,,,,,,,,,,,,,,,,,,,,,,,,,,,,,,,,,,,,,,,,,,,,,,,,,,,,
,,,,,,,,,,,,,,,,,,,,,,,,,,,,,,,,,,,,,,,,,,,,,,,,,,,,,,,,,,,,,,,,,,,,,,,,,,,,,,,,,,,,,,,,,,,,,,,,,,,,,,,,,,,,,,,,,,,,,,,,,,,,,,,,,,,,,,,,,,,,,,,,,,,,,,,,,,,,,,,,,,,,,,,,,,,,,,,,,,,,,,,,,,,,,,,,,,,,,,,,,,,,,,,,,,,,,,,,,,,,,,,,,,,,,,,,,,,,,,,,,,,,,,,,,,
,,,,,,,,,,,,,,,,,,,,,,,,,,,,,,,,,,,,,,,,,,,,,,,,,,,,,,,,,,,,,,,,,,,,,,,,,,,,,,,,,,,,,,,,,,,,,,,,,,,,,,,,,,,,,,,,,,,,,,,,,,,,,,,,,,,,,,,,,,,,,,,,,,,,,,,,,,,,,,,,,,,,,,,,,,,,,,,,,,,,,,,,,,,,,,,,,,,,,,,,,,,,,,,,,,,,,,,,,,,,,,,,,,,,,,,,,,,,,,,,,,,,,,,,,,
,,,,,,,,,,,,,,,,,,,,,,,,,,,,,,,,,,,,,,,,,,,,,,,,,,,,,,,,,,,,,,,,,,,,,,,,,,,,,,,,,,,,,,,,,,,,,,,,,,,,,,,,,,,,,,,,,,,,,,,,,,,,,,,,,,,,,,,,,,,,,,,,,,,,,,,,,,,,,,,,,,,,,,,,,,,,,,,,,,,,,,,,,,,,,,,,,,,,,,,,,,,,,,,,,,,,,,,,,,,,,,,,,,,,,,,,,,,,,,,,,,,,,,,,,,
,,,,,,,,,,,,,,,,,,,,,,,,,,,,,,,,,,,,,,,,,,,,,,,,,,,,,,,,,,,,,,,,,,,,,,,,,,,,,,,,,,,,,,,,,,,,,,,,,,,,,,,,,,,,,,,,,,,,,,,,,,,,,,,,,,,,,,,,,,,,,,,,,,,,,,,,,,,,,,,,,,,,,,,,,,,,,,,,,,,,,,,,,,,,,,,,,,,,,,,,,,,,,,,,,,,,,,,,,,,,,,,,,,,,,,,,,,,,,,,,,,,,,,,,,,
,,,,,,,,,,,,,,,,,,,,,,,,,,,,,,,,,,,,,,,,,,,,,,,,,,,,,,,,,,,,,,,,,,,,,,,,,,,,,,,,,,,,,,,,,,,,,,,,,,,,,,,,,,,,,,,,,,,,,,,,,,,,,,,,,,,,,,,,,,,,,,,,,,,,,,,,,,,,,,,,,,,,,,,,,,,,,,,,,,,,,,,,,,,,,,,,,,,,,,,,,,,,,,,,,,,,,,,,,,,,,,,,,,,,,,,,,,,,,,,,,,,,,,,,,,
,,,,,,,,,,,,,,,,,,,,,,,,,,,,,,,,,,,,,,,,,,,,,,,,,,,,,,,,,,,,,,,,,,,,,,,,,,,,,,,,,,,,,,,,,,,,,,,,,,,,,,,,,,,,,,,,,,,,,,,,,,,,,,,,,,,,,,,,,,,,,,,,,,,,,,,,,,,,,,,,,,,,,,,,,,,,,,,,,,,,,,,,,,,,,,,,,,,,,,,,,,,,,,,,,,,,,,,,,,,,,,,,,,,,,,,,,,,,,,,,,,,,,,,,,,
,,,,,,,,,,,,,,,,,,,,,,,,,,,,,,,,,,,,,,,,,,,,,,,,,,,,,,,,,,,,,,,,,,,,,,,,,,,,,,,,,,,,,,,,,,,,,,,,,,,,,,,,,,,,,,,,,,,,,,,,,,,,,,,,,,,,,,,,,,,,,,,,,,,,,,,,,,,,,,,,,,,,,,,,,,,,,,,,,,,,,,,,,,,,,,,,,,,,,,,,,,,,,,,,,,,,,,,,,,,,,,,,,,,,,,,,,,,,,,,,,,,,,,,,,,
,,,,,,,,,,,,,,,,,,,,,,,,,,,,,,,,,,,,,,,,,,,,,,,,,,,,,,,,,,,,,,,,,,,,,,,,,,,,,,,,,,,,,,,,,,,,,,,,,,,,,,,,,,,,,,,,,,,,,,,,,,,,,,,,,,,,,,,,,,,,,,,,,,,,,,,,,,,,,,,,,,,,,,,,,,,,,,,,,,,,,,,,,,,,,,,,,,,,,,,,,,,,,,,,,,,,,,,,,,,,,,,,,,,,,,,,,,,,,,,,,,,,,,,,,,
,,,,,,,,,,,,,,,,,,,,,,,,,,,,,,,,,,,,,,,,,,,,,,,,,,,,,,,,,,,,,,,,,,,,,,,,,,,,,,,,,,,,,,,,,,,,,,,,,,,,,,,,,,,,,,,,,,,,,,,,,,,,,,,,,,,,,,,,,,,,,,,,,,,,,,,,,,,,,,,,,,,,,,,,,,,,,,,,,,,,,,,,,,,,,,,,,,,,,,,,,,,,,,,,,,,,,,,,,,,,,,,,,,,,,,,,,,,,,,,,,,,,,,,,,,
,,,,,,,,,,,,,,,,,,,,,,,,,,,,,,,,,,,,,,,,,,,,,,,,,,,,,,,,,,,,,,,,,,,,,,,,,,,,,,,,,,,,,,,,,,,,,,,,,,,,,,,,,,,,,,,,,,,,,,,,,,,,,,,,,,,,,,,,,,,,,,,,,,,,,,,,,,,,,,,,,,,,,,,,,,,,,,,,,,,,,,,,,,,,,,,,,,,,,,,,,,,,,,,,,,,,,,,,,,,,,,,,,,,,,,,,,,,,,,,,,,,,,,,,,,
,,,,,,,,,,,,,,,,,,,,,,,,,,,,,,,,,,,,,,,,,,,,,,,,,,,,,,,,,,,,,,,,,,,,,,,,,,,,,,,,,,,,,,,,,,,,,,,,,,,,,,,,,,,,,,,,,,,,,,,,,,,,,,,,,,,,,,,,,,,,,,,,,,,,,,,,,,,,,,,,,,,,,,,,,,,,,,,,,,,,,,,,,,,,,,,,,,,,,,,,,,,,,,,,,,,,,,,,,,,,,,,,,,,,,,,,,,,,,,,,,,,,,,,,,,
,,,,,,,,,,,,,,,,,,,,,,,,,,,,,,,,,,,,,,,,,,,,,,,,,,,,,,,,,,,,,,,,,,,,,,,,,,,,,,,,,,,,,,,,,,,,,,,,,,,,,,,,,,,,,,,,,,,,,,,,,,,,,,,,,,,,,,,,,,,,,,,,,,,,,,,,,,,,,,,,,,,,,,,,,,,,,,,,,,,,,,,,,,,,,,,,,,,,,,,,,,,,,,,,,,,,,,,,,,,,,,,,,,,,,,,,,,,,,,,,,,,,,,,,,,
,,,,,,,,,,,,,,,,,,,,,,,,,,,,,,,,,,,,,,,,,,,,,,,,,,,,,,,,,,,,,,,,,,,,,,,,,,,,,,,,,,,,,,,,,,,,,,,,,,,,,,,,,,,,,,,,,,,,,,,,,,,,,,,,,,,,,,,,,,,,,,,,,,,,,,,,,,,,,,,,,,,,,,,,,,,,,,,,,,,,,,,,,,,,,,,,,,,,,,,,,,,,,,,,,,,,,,,,,,,,,,,,,,,,,,,,,,,,,,,,,,,,,,,,,,
,,,,,,,,,,,,,,,,,,,,,,,,,,,,,,,,,,,,,,,,,,,,,,,,,,,,,,,,,,,,,,,,,,,,,,,,,,,,,,,,,,,,,,,,,,,,,,,,,,,,,,,,,,,,,,,,,,,,,,,,,,,,,,,,,,,,,,,,,,,,,,,,,,,,,,,,,,,,,,,,,,,,,,,,,,,,,,,,,,,,,,,,,,,,,,,,,,,,,,,,,,,,,,,,,,,,,,,,,,,,,,,,,,,,,,,,,,,,,,,,,,,,,,,,,,
,,,,,,,,,,,,,,,,,,,,,,,,,,,,,,,,,,,,,,,,,,,,,,,,,,,,,,,,,,,,,,,,,,,,,,,,,,,,,,,,,,,,,,,,,,,,,,,,,,,,,,,,,,,,,,,,,,,,,,,,,,,,,,,,,,,,,,,,,,,,,,,,,,,,,,,,,,,,,,,,,,,,,,,,,,,,,,,,,,,,,,,,,,,,,,,,,,,,,,,,,,,,,,,,,,,,,,,,,,,,,,,,,,,,,,,,,,,,,,,,,,,,,,,,,,
,,,,,,,,,,,,,,,,,,,,,,,,,,,,,,,,,,,,,,,,,,,,,,,,,,,,,,,,,,,,,,,,,,,,,,,,,,,,,,,,,,,,,,,,,,,,,,,,,,,,,,,,,,,,,,,,,,,,,,,,,,,,,,,,,,,,,,,,,,,,,,,,,,,,,,,,,,,,,,,,,,,,,,,,,,,,,,,,,,,,,,,,,,,,,,,,,,,,,,,,,,,,,,,,,,,,,,,,,,,,,,,,,,,,,,,,,,,,,,,,,,,,,,,,,,
,,,,,,,,,,,,,,,,,,,,,,,,,,,,,,,,,,,,,,,,,,,,,,,,,,,,,,,,,,,,,,,,,,,,,,,,,,,,,,,,,,,,,,,,,,,,,,,,,,,,,,,,,,,,,,,,,,,,,,,,,,,,,,,,,,,,,,,,,,,,,,,,,,,,,,,,,,,,,,,,,,,,,,,,,,,,,,,,,,,,,,,,,,,,,,,,,,,,,,,,,,,,,,,,,,,,,,,,,,,,,,,,,,,,,,,,,,,,,,,,,,,,,,,,,,
,,,,,,,,,,,,,,,,,,,,,,,,,,,,,,,,,,,,,,,,,,,,,,,,,,,,,,,,,,,,,,,,,,,,,,,,,,,,,,,,,,,,,,,,,,,,,,,,,,,,,,,,,,,,,,,,,,,,,,,,,,,,,,,,,,,,,,,,,,,,,,,,,,,,,,,,,,,,,,,,,,,,,,,,,,,,,,,,,,,,,,,,,,,,,,,,,,,,,,,,,,,,,,,,,,,,,,,,,,,,,,,,,,,,,,,,,,,,,,,,,,,,,,,,,,