taxon_full_name,genus,species,infra_rank,infra_name,hybrid,cultivar,prov_type,orig_lat,orig_long,country,state,county,municipality,locality,assoc_sp,acc_num,lin_num,orig_source,rec_as,num_indiv,germ_type,garden_loc,coll_num,coll_name,coll_year,taxon_verif,notes,,,,,,
Asimina triloba,Asimina,triloba,,,,,W,42°33'N,84°34'W,USA,Michigan,,,Serenity Farms,,K09-94-020,,W.J. Beal BG seed exchange,Seed,2,Plant,Arboretum,,,,,Has withstood Finnish summers and winters for 20 years - unusual cold hardiness for this species!,,,,,,
Asimina triloba,Asimina,triloba,,,,Ecos strain,G,,,,,,,,,K09-11-035,,"Ken Asmus, Oikos Tree Croops",Seed,3?,Plant,Arboretum,,,,,"Planted 2019 - current status unverified, but some are lost to winter damage",,,,,,
Asimina triloba,Asimina,triloba,,,,seedlings of 'JXL',G,,,,,,,,,K09-11-054,,Graz University BG Seed Exchange,Seed,1?,Plant,Arboretum,,,,,"Planted 2019 - current status unverified, but some are lost to winter damage",,,,,,
Asimina triloba,Asimina,triloba,,,,seedlings of 'PA Golden',G,,,,,,,,,K09-14-010,,Neal Peterson via Sheffield's Seed Co.,Seed,8?,Plant,Arboretum,,,,,"Planted 2019 - current status unverified, but some are lost to winter damage",,,,,,
Asimina triloba,Asimina,triloba,,,,seedlings of 'Allegheny',G,,,,,,,,,K09-14-011,,Neal Peterson via Sheffield's Seed Co.,Seed,2?,Plant,Arboretum,,,,,"Planted 2019 - current status unverified, but some are lost to winter damage",,,,,,
Asimina triloba,Asimina,triloba,,,,seedlings of 'Shenandoah',G,,,,,,,,,K09-14-012,,Neal Peterson via Sheffield's Seed Co.,Seed,2?,Plant,Arboretum,,,,,"Planted 2019 - current status unverified, but some are lost to winter damage",,,,,,
Carya cordiformis,Carya,cordiformis,,,,,W,44°50'N,93°30'W,USA,Minnesota,,Chanhassen,,,K09-93-253,,Arboretum Mustila 1993 expedition,Seed,2,Plant,Arboretum,,,,,Planted 2001; current height ca. 8 m,,,,,,
Carya laciniosa,Carya,laciniosa,,,,,W,"42°36'39""N","84°22'46""W",USA,Michigan,Ingham County,between Every and Median,Harper Road,,K09-11-082,,W.J. Beal BG seed exchange,Seed,3?,Plant,Arboretum,,,,,Planted 2016 - current status unverified,,,,,,
Carya laciniosa,Carya,laciniosa,,,,,G,,,,,,,,,K09-16-491,,Rogow Arboretum,Seed,12,Plant,Nursery Grounds,,,,,,,,,,,
Carya laciniosa,Carya,laciniosa,,,,,W or G?,38°45'N,79°58'W,USA,West Virginia,Randolph County,Valley Bend,,,K09-17-526,,Arboretum Mustila 2017 expedition,Seed,21,Plant,Nursery Grounds,,,,,,,,,,,
Carya ovata,Carya,ovata,,,,,W,"43° 3' 26"" N","79° 0' 47"" W",Canada,Ontario,,Niagara Falls,Navy Island,,K09-13-156,,Niagara Parks BG Index Seminum,Seed,2,Plant,Nursery Grounds,,,,,,,,,,,
Carya ovata,Carya,ovata,,,,,W,43° 5’ 1” N,79° 17’ 13” W,Canada,Ontario,,Welland,Short Hills Conservation Area,,K09-13-161,,,Seed,2,Plant,Nursery Grounds,,,,,,,,,,,
Carya ovata,Carya,ovata,,,,,W,45°28’1.61”N,74°1’48.17”W,Canada,Quebec,MRC Deux-Montagnes,Parc national d’Oka,,,K09-14-130,,Montreal BG Index seminum,Seed,3,Plant,Nursery Grounds,,,,,,,,,,,
Carya ovata,Carya,ovata,,,,,W,45°1’0.90”N,73°48’25.58”W,Canada,Quebec,MRC Le Haut-Saint-Laurent,Havelock,,,K09-14-131,,Montreal BG Index seminum,Seed,1,Plant,Nursery Grounds,,,,,,,,,,,
Carya ovata,Carya,ovata,,,,,G,,,,,,,,,K09-16-001,,Grimo Nut Nursery,Seed,7,Plant,Nursery Grounds,,,,,,,,,,,
Carya ovata,Carya,ovata,,,,,W,,,Canada,Ontario,seed zone 36,,,,K09-16-124,,"Ontario Tree Seed Plant, Angus",Seed,ca.50,Plant,Nursery Grounds,,,,,,,,,,,
Carya ovata,Carya,ovata,,,,,W,38°27'N,79°39'W,USA,West Virginia,Highland County,Hightown,,,K09-17-561,,Arboretum Mustila 2017 expedition,Seed,1,Plant,Nursery Grounds,,,,,,,,,,,
Castanea dentata,Castanea,dentata,,,,,G,,,,,,,,Rogow Arboretum,K09-16-492,,Rogow Arboretum,Seed,4,Plant,Arboretum,,,,,Planted 2021,,,,,,
Castanea dentata,Castanea,dentata,,,,,W,34°58'N,83°18'W,USA,Georgia,Rabun County,,,Rabun Bald 1380 m,K09-17-281,,Arboretum Mustila 2017 expedition,Seed,3,Plant,Arboretum,,,,,Planted 2021,,,,,,
Castanea dentata,Castanea,dentata,,,,,W,35°02'N,83°16'W,USA,North Carolina,Macon County,,,Scaly Mountain 1410 m,K09-17-298,,Arboretum Mustila 2017 expedition,Seed,5,Plant,Arboretum,,,,,Planted 2021,,,,,,
Castanea dentata,Castanea,dentata,,,,,G,,,,,,,,,K09-20-010,,Reeseville Ridge Nursery,Seed,ca. 20,Plant,Nursery Grounds,,,,,To be planted 2022,,,,,,
Castanea dentata,Castanea,dentata,,,,,U,,,,,,,,,K09-20-322,,Schumacher Seed Co.,Seed,ca. 20,Plant,Nursery Grounds,,,,,To be planted 2024,,,,,,
Corylus cornuta,Corylus,cornuta,,,,,W,,,Canada,British Columbia,,,,,K09-97-450,,Silva Enterprises Ltd.,Seed,ca. 5,Plant,Arboretum,,,,,Current number of plants unverified. Some may be 2nd generation.,,,,,,
Juglans cinerea,Juglans,cinerea,,,,,U,,,,,,,,,N/A,,,unknown,4,Plant,Arboretum,,,,,Old trees from ca. 1910-1930 era,,,,,,
Juglans cinerea,Juglans,cinerea,,,,,U,,,,,,,,,N/A,,,unknown,5,Plant,Mustila Manor Park,,,,,Old tree and 4 2nd generation trees,,,,,,
Juglans cinerea,Juglans,cinerea,,,,,W,45°45'N,77°05'W,Canada,Ontario,,Pembroke,,,K09-96-253,,,Seed,1,Plant,Arboretum,,,,,,,,,,,
Juglans cinerea,Juglans,cinerea,,,,,W,,,Canada,Quebec,,Waltham,,,K09-96-257,,,Seed,2,Plant,Arboretum,,,,,,,,,,,
Juglans cinerea,Juglans,cinerea,,,,,W?,45°25'N,75°40'W,Canada,Ontario,,Ottawa,Riverside Park,,K09-02-335,,,Seed,1,Plant,Mustila Manor Park,,,,,,,,,,,
Juglans nigra,Juglans,nigra,,,X,,G,,,,,,,,,K09-93-380,,Arboretum Mustila 1993 expedition,Seed,3,Plant,Arboretum,,,,,from cultivated plants at Minnesota Landscape Arboretum,,,,,,
Juglans nigra,Juglans,nigra,,,,,U,,,,,,,,,N/A,,,Seed,3,Plant,Arboretum,,,,,,,,,,,
Juglans nigra,Juglans,nigra,,,,,G,,,,,,,,,K09-10-793,,"Rick Durand, Prairie Shade Nursery Research Farm",Seed,2,Plant,Arboretum,,,,,from cultivated plants at Morden Research Station,,,,,,
Juglans nigra,Juglans,nigra,,,,,G,,,,,,,,,K09-12-417,,"Rick Durand, Prairie Shade Nursery Research Farm",Seed,1,Plant,Nursery Grounds,,,,,"from 2nd generation of Morden trees at Portage la Prairie, MB",,,,,,
Juglans nigra,Juglans,nigra,,,,,G,,,,,,,,,K09-12-433,,Domaine Joly-de-Lotbiniere,Seed,ca. 20,Plant,Nursery Grounds,,,,,"from the famous plantation of Domaine Joly-de-Lotbiniére near St. Croix, Quebec",,,,,,
Juglans nigra,Juglans,nigra,,,,,G,,,,,,,,,K09-17-527,,Arboretum Mustila 2017 expedition,Seed,9,Plant,Nursery Grounds,,,,,"Garden trees at Valley Bend & Job, WV",,,,,,
Juglans nigra,Juglans,nigra,,,,,G,,,,,,,,,K09-17-528,,Arboretum Mustila 2017 expedition,Seed,5,Plant,Nursery Grounds,,,,,"early-ripening garden tree at Harman, WV",,,,,,
Juglans nigra,Juglans,nigra,,,,,W,,,USA,West Virginia,Grant Co.,Hopeville,,,K09-17-550,,Arboretum Mustila 2017 expedition,Seed,ca. 30,Plant,Nursery Grounds,,,,,,,,,,,
Prunus americana,Prunus,americana,,,,,W,44°50'N,93°30'W,USA,Minnesota,Mound,,,,K09-93-278,,Arboretum Mustila 1993 expedition,Seed,3,Plant,Arboretum,,,,,,,,,,,
Prunus serotina var. serotina,Prunus,serotina,var.,serotina,,,U,,,,,,,,,N/A,,,unknown,4,Plant,Arboretum,,,,,Old trees from ca. 1910's-1930's,,,,,,
,,,,,,,,,,,,,,,,,,,,,,,,,,,,,,,,,
,,,,,,,,,,,,,,,,,,,,,,,,,,,,,,,,,
,,,,,,,,,,,,,,,,,,,,,,,,,,,,,,,,,
,,,,,,,,,,,,,,,,,,,,,,,,,,,,,,,,,
,,,,,,,,,,,,,,,,,,,,,,,,,,,,,,,,,
,,,,,,,,,,,,,,,,,,,,,,,,,,,,,,,,,
,,,,,,,,,,,,,,,,,,,,,,,,,,,,,,,,,
,,,,,,,,,,,,,,,,,,,,,,,,,,,,,,,,,
,,,,,,,,,,,,,,,,,,,,,,,,,,,,,,,,,
,,,,,,,,,,,,,,,,,,,,,,,,,,,,,,,,,
,,,,,,,,,,,,,,,,,,,,,,,,,,,,,,,,,
,,,,,,,,,,,,,,,,,,,,,,,,,,,,,,,,,
,,,,,,,,,,,,,,,,,,,,,,,,,,,,,,,,,
,,,,,,,,,,,,,,,,,,,,,,,,,,,,,,,,,
,,,,,,,,,,,,,,,,,,,,,,,,,,,,,,,,,
,,,,,,,,,,,,,,,,,,,,,,,,,,,,,,,,,
,,,,,,,,,,,,,,,,,,,,,,,,,,,,,,,,,
,,,,,,,,,,,,,,,,,,,,,,,,,,,,,,,,,
,,,,,,,,,,,,,,,,,,,,,,,,,,,,,,,,,
,,,,,,,,,,,,,,,,,,,,,,,,,,,,,,,,,
,,,,,,,,,,,,,,,,,,,,,,,,,,,,,,,,,
,,,,,,,,,,,,,,,,,,,,,,,,,,,,,,,,,